ID,Description,Sequence
> Y32G/F46S/L56S/V97G/P49G,-0.336,MAPTLSEQTRQLVRASVPALQKHSVAISATMGRLLFERYPETRSLSELGERQIHKSASALLAYARSIDNPSALQAAIRRMVLSHARAGVQAVHYPLGWECLRDAIKEVLGPDATETLLQAWKEAYDFLAHLLSTKEAQVYAVLAELE
> Y32G/F46S/L56S/V97G/P49P,0.758,MAPTLSEQTRQLVRASVPALQKHSVAISATMGRLLFERYPETRSLSELPERQIHKSASALLAYARSIDNPSALQAAIRRMVLSHARAGVQAVHYPLGWECLRDAIKEVLGPDATETLLQAWKEAYDFLAHLLSTKEAQVYAVLAELE
> Y32V/F46C/L56H/P49D/I53L,-0.39,MAPTLSEQTRQLVRASVPALQKHSVAISATMVRLLFERYPETRSLCELDERQLHKHASALLAYARSIDNPSALQAAIRRMVLSHARAGVQAVHYPLVWECLRDAIKEVLGPDATETLLQAWKEAYDFLAHLLSTKEAQVYAVLAELE
> Y32V/F46C/L56H/P49D/I53S,-0.331,MAPTLSEQTRQLVRASVPALQKHSVAISATMVRLLFERYPETRSLCELDERQSHKHASALLAYARSIDNPSALQAAIRRMVLSHARAGVQAVHYPLVWECLRDAIKEVLGPDATETLLQAWKEAYDFLAHLLSTKEAQVYAVLAELE
> Y32V/F46C/L56H/P49D/R51S,-0.56,MAPTLSEQTRQLVRASVPALQKHSVAISATMVRLLFERYPETRSLCELDESQIHKHASALLAYARSIDNPSALQAAIRRMVLSHARAGVQAVHYPLVWECLRDAIKEVLGPDATETLLQAWKEAYDFLAHLLSTKEAQVYAVLAELE
> Y32V/F46C/L56H/P49G/I53Y,-0.24100000000000002,MAPTLSEQTRQLVRASVPALQKHSVAISATMVRLLFERYPETRSLCELGERQYHKHASALLAYARSIDNPSALQAAIRRMVLSHARAGVQAVHYPLVWECLRDAIKEVLGPDATETLLQAWKEAYDFLAHLLSTKEAQVYAVLAELE
> Y32V/F46C/L56H/P49H/R51C,-0.5820000000000001,MAPTLSEQTRQLVRASVPALQKHSVAISATMVRLLFERYPETRSLCELHECQIHKHASALLAYARSIDNPSALQAAIRRMVLSHARAGVQAVHYPLVWECLRDAIKEVLGPDATETLLQAWKEAYDFLAHLLSTKEAQVYAVLAELE
> Y32V/F46C/L56H/P49H/I53N,-0.198,MAPTLSEQTRQLVRASVPALQKHSVAISATMVRLLFERYPETRSLCELHERQNHKHASALLAYARSIDNPSALQAAIRRMVLSHARAGVQAVHYPLVWECLRDAIKEVLGPDATETLLQAWKEAYDFLAHLLSTKEAQVYAVLAELE
> Y32V/F46C/L56H/P49I/I53R,0.054000000000000006,MAPTLSEQTRQLVRASVPALQKHSVAISATMVRLLFERYPETRSLCELIERQRHKHASALLAYARSIDNPSALQAAIRRMVLSHARAGVQAVHYPLVWECLRDAIKEVLGPDATETLLQAWKEAYDFLAHLLSTKEAQVYAVLAELE
> Y32V/F46C/L56H/P49I/R51V,-0.672,MAPTLSEQTRQLVRASVPALQKHSVAISATMVRLLFERYPETRSLCELIEVQIHKHASALLAYARSIDNPSALQAAIRRMVLSHARAGVQAVHYPLVWECLRDAIKEVLGPDATETLLQAWKEAYDFLAHLLSTKEAQVYAVLAELE
> Y32V/F46C/L56H/P49L/R51G,-0.508,MAPTLSEQTRQLVRASVPALQKHSVAISATMVRLLFERYPETRSLCELLEGQIHKHASALLAYARSIDNPSALQAAIRRMVLSHARAGVQAVHYPLVWECLRDAIKEVLGPDATETLLQAWKEAYDFLAHLLSTKEAQVYAVLAELE
> Y32V/F46C/L56H/P49L/R51H,-0.43,MAPTLSEQTRQLVRASVPALQKHSVAISATMVRLLFERYPETRSLCELLEHQIHKHASALLAYARSIDNPSALQAAIRRMVLSHARAGVQAVHYPLVWECLRDAIKEVLGPDATETLLQAWKEAYDFLAHLLSTKEAQVYAVLAELE
> Y32V/F46C/L56H/P49L/I53G,-0.163,MAPTLSEQTRQLVRASVPALQKHSVAISATMVRLLFERYPETRSLCELLERQGHKHASALLAYARSIDNPSALQAAIRRMVLSHARAGVQAVHYPLVWECLRDAIKEVLGPDATETLLQAWKEAYDFLAHLLSTKEAQVYAVLAELE
> Y32V/F46C/L56H/P49L/I53S,-0.364,MAPTLSEQTRQLVRASVPALQKHSVAISATMVRLLFERYPETRSLCELLERQSHKHASALLAYARSIDNPSALQAAIRRMVLSHARAGVQAVHYPLVWECLRDAIKEVLGPDATETLLQAWKEAYDFLAHLLSTKEAQVYAVLAELE
> Y32V/F46C/L56H/P49L/R51Y,-0.40399999999999997,MAPTLSEQTRQLVRASVPALQKHSVAISATMVRLLFERYPETRSLCELLEYQIHKHASALLAYARSIDNPSALQAAIRRMVLSHARAGVQAVHYPLVWECLRDAIKEVLGPDATETLLQAWKEAYDFLAHLLSTKEAQVYAVLAELE
> Y32V/F46C/L56H/P49N/R51F,-0.675,MAPTLSEQTRQLVRASVPALQKHSVAISATMVRLLFERYPETRSLCELNEFQIHKHASALLAYARSIDNPSALQAAIRRMVLSHARAGVQAVHYPLVWECLRDAIKEVLGPDATETLLQAWKEAYDFLAHLLSTKEAQVYAVLAELE
> Y32V/F46C/L56H/P49N/R51V,-0.736,MAPTLSEQTRQLVRASVPALQKHSVAISATMVRLLFERYPETRSLCELNEVQIHKHASALLAYARSIDNPSALQAAIRRMVLSHARAGVQAVHYPLVWECLRDAIKEVLGPDATETLLQAWKEAYDFLAHLLSTKEAQVYAVLAELE
> Y32V/F46C/L56H/P49P/R51D,0.13699999999999998,MAPTLSEQTRQLVRASVPALQKHSVAISATMVRLLFERYPETRSLCELPEDQIHKHASALLAYARSIDNPSALQAAIRRMVLSHARAGVQAVHYPLVWECLRDAIKEVLGPDATETLLQAWKEAYDFLAHLLSTKEAQVYAVLAELE
> Y32V/F46C/L56H/P49P/R51F,-0.847,MAPTLSEQTRQLVRASVPALQKHSVAISATMVRLLFERYPETRSLCELPEFQIHKHASALLAYARSIDNPSALQAAIRRMVLSHARAGVQAVHYPLVWECLRDAIKEVLGPDATETLLQAWKEAYDFLAHLLSTKEAQVYAVLAELE
> Y32V/F46C/L56H/P49P/R51I,-0.871,MAPTLSEQTRQLVRASVPALQKHSVAISATMVRLLFERYPETRSLCELPEIQIHKHASALLAYARSIDNPSALQAAIRRMVLSHARAGVQAVHYPLVWECLRDAIKEVLGPDATETLLQAWKEAYDFLAHLLSTKEAQVYAVLAELE
> Y32V/F46C/L56H/P49P/R51V,-0.905,MAPTLSEQTRQLVRASVPALQKHSVAISATMVRLLFERYPETRSLCELPEVQIHKHASALLAYARSIDNPSALQAAIRRMVLSHARAGVQAVHYPLVWECLRDAIKEVLGPDATETLLQAWKEAYDFLAHLLSTKEAQVYAVLAELE
> Y32V/F46C/L56H/P49R/R51F,-0.8590000000000001,MAPTLSEQTRQLVRASVPALQKHSVAISATMVRLLFERYPETRSLCELREFQIHKHASALLAYARSIDNPSALQAAIRRMVLSHARAGVQAVHYPLVWECLRDAIKEVLGPDATETLLQAWKEAYDFLAHLLSTKEAQVYAVLAELE
> Y32V/F46C/L56H/P49R/I53G,-0.252,MAPTLSEQTRQLVRASVPALQKHSVAISATMVRLLFERYPETRSLCELRERQGHKHASALLAYARSIDNPSALQAAIRRMVLSHARAGVQAVHYPLVWECLRDAIKEVLGPDATETLLQAWKEAYDFLAHLLSTKEAQVYAVLAELE
> Y32V/F46C/L56H/P49S/R51V,-0.7809999999999999,MAPTLSEQTRQLVRASVPALQKHSVAISATMVRLLFERYPETRSLCELSEVQIHKHASALLAYARSIDNPSALQAAIRRMVLSHARAGVQAVHYPLVWECLRDAIKEVLGPDATETLLQAWKEAYDFLAHLLSTKEAQVYAVLAELE
> Y32V/F46C/L56H/P49V/R51H,-0.581,MAPTLSEQTRQLVRASVPALQKHSVAISATMVRLLFERYPETRSLCELVEHQIHKHASALLAYARSIDNPSALQAAIRRMVLSHARAGVQAVHYPLVWECLRDAIKEVLGPDATETLLQAWKEAYDFLAHLLSTKEAQVYAVLAELE
> Y32V/F46C/L56H/P49Y/R51N,-0.747,MAPTLSEQTRQLVRASVPALQKHSVAISATMVRLLFERYPETRSLCELYENQIHKHASALLAYARSIDNPSALQAAIRRMVLSHARAGVQAVHYPLVWECLRDAIKEVLGPDATETLLQAWKEAYDFLAHLLSTKEAQVYAVLAELE
> Y32G/F46S/L56S/V97G/P49C/I53R,0.14300000000000002,MAPTLSEQTRQLVRASVPALQKHSVAISATMGRLLFERYPETRSLSELCERQRHKSASALLAYARSIDNPSALQAAIRRMVLSHARAGVQAVHYPLGWECLRDAIKEVLGPDATETLLQAWKEAYDFLAHLLSTKEAQVYAVLAELE
> Y32G/F46S/L56S/V97G/P49D/I53N,0.023,MAPTLSEQTRQLVRASVPALQKHSVAISATMGRLLFERYPETRSLSELDERQNHKSASALLAYARSIDNPSALQAAIRRMVLSHARAGVQAVHYPLGWECLRDAIKEVLGPDATETLLQAWKEAYDFLAHLLSTKEAQVYAVLAELE
> Y32G/F46S/L56S/V97G/P49F/I53N,0.243,MAPTLSEQTRQLVRASVPALQKHSVAISATMGRLLFERYPETRSLSELFERQNHKSASALLAYARSIDNPSALQAAIRRMVLSHARAGVQAVHYPLGWECLRDAIKEVLGPDATETLLQAWKEAYDFLAHLLSTKEAQVYAVLAELE
> Y32G/F46S/L56S/V97G/P49G/R51F,-0.33299999999999996,MAPTLSEQTRQLVRASVPALQKHSVAISATMGRLLFERYPETRSLSELGEFQIHKSASALLAYARSIDNPSALQAAIRRMVLSHARAGVQAVHYPLGWECLRDAIKEVLGPDATETLLQAWKEAYDFLAHLLSTKEAQVYAVLAELE
> Y32G/F46S/L56S/V97G/P49H/R51I,-0.27699999999999997,MAPTLSEQTRQLVRASVPALQKHSVAISATMGRLLFERYPETRSLSELHEIQIHKSASALLAYARSIDNPSALQAAIRRMVLSHARAGVQAVHYPLGWECLRDAIKEVLGPDATETLLQAWKEAYDFLAHLLSTKEAQVYAVLAELE
> Y32G/F46S/L56S/V97G/P49H/R51N,-0.132,MAPTLSEQTRQLVRASVPALQKHSVAISATMGRLLFERYPETRSLSELHENQIHKSASALLAYARSIDNPSALQAAIRRMVLSHARAGVQAVHYPLGWECLRDAIKEVLGPDATETLLQAWKEAYDFLAHLLSTKEAQVYAVLAELE
> Y32G/F46S/L56S/V97G/P49H/I53D,0.184,MAPTLSEQTRQLVRASVPALQKHSVAISATMGRLLFERYPETRSLSELHERQDHKSASALLAYARSIDNPSALQAAIRRMVLSHARAGVQAVHYPLGWECLRDAIKEVLGPDATETLLQAWKEAYDFLAHLLSTKEAQVYAVLAELE
> Y32G/F46S/L56S/V97G/P49H/I53N,0.051,MAPTLSEQTRQLVRASVPALQKHSVAISATMGRLLFERYPETRSLSELHERQNHKSASALLAYARSIDNPSALQAAIRRMVLSHARAGVQAVHYPLGWECLRDAIKEVLGPDATETLLQAWKEAYDFLAHLLSTKEAQVYAVLAELE
> Y32G/F46S/L56S/V97G/P49I/R51G,0.195,MAPTLSEQTRQLVRASVPALQKHSVAISATMGRLLFERYPETRSLSELIEGQIHKSASALLAYARSIDNPSALQAAIRRMVLSHARAGVQAVHYPLGWECLRDAIKEVLGPDATETLLQAWKEAYDFLAHLLSTKEAQVYAVLAELE
> Y32G/F46S/L56S/V97G/P49I/I53S,0.31,MAPTLSEQTRQLVRASVPALQKHSVAISATMGRLLFERYPETRSLSELIERQSHKSASALLAYARSIDNPSALQAAIRRMVLSHARAGVQAVHYPLGWECLRDAIKEVLGPDATETLLQAWKEAYDFLAHLLSTKEAQVYAVLAELE
> Y32G/F46S/L56S/V97G/P49L/I53D,0.156,MAPTLSEQTRQLVRASVPALQKHSVAISATMGRLLFERYPETRSLSELLERQDHKSASALLAYARSIDNPSALQAAIRRMVLSHARAGVQAVHYPLGWECLRDAIKEVLGPDATETLLQAWKEAYDFLAHLLSTKEAQVYAVLAELE
> Y32G/F46S/L56S/V97G/P49L/R51Y,-0.096,MAPTLSEQTRQLVRASVPALQKHSVAISATMGRLLFERYPETRSLSELLEYQIHKSASALLAYARSIDNPSALQAAIRRMVLSHARAGVQAVHYPLGWECLRDAIKEVLGPDATETLLQAWKEAYDFLAHLLSTKEAQVYAVLAELE
> Y32G/F46S/L56S/V97G/P49N/R51I,-0.5529999999999999,MAPTLSEQTRQLVRASVPALQKHSVAISATMGRLLFERYPETRSLSELNEIQIHKSASALLAYARSIDNPSALQAAIRRMVLSHARAGVQAVHYPLGWECLRDAIKEVLGPDATETLLQAWKEAYDFLAHLLSTKEAQVYAVLAELE
> Y32G/F46S/L56S/V97G/P49N/I53D,0.078,MAPTLSEQTRQLVRASVPALQKHSVAISATMGRLLFERYPETRSLSELNERQDHKSASALLAYARSIDNPSALQAAIRRMVLSHARAGVQAVHYPLGWECLRDAIKEVLGPDATETLLQAWKEAYDFLAHLLSTKEAQVYAVLAELE
> Y32G/F46S/L56S/V97G/P49P/I53A,0.544,MAPTLSEQTRQLVRASVPALQKHSVAISATMGRLLFERYPETRSLSELPERQAHKSASALLAYARSIDNPSALQAAIRRMVLSHARAGVQAVHYPLGWECLRDAIKEVLGPDATETLLQAWKEAYDFLAHLLSTKEAQVYAVLAELE
> Y32G/F46S/L56S/V97G/P49P/I53G,0.604,MAPTLSEQTRQLVRASVPALQKHSVAISATMGRLLFERYPETRSLSELPERQGHKSASALLAYARSIDNPSALQAAIRRMVLSHARAGVQAVHYPLGWECLRDAIKEVLGPDATETLLQAWKEAYDFLAHLLSTKEAQVYAVLAELE
> Y32G/F46S/L56S/V97G/P49P/I53L,0.873,MAPTLSEQTRQLVRASVPALQKHSVAISATMGRLLFERYPETRSLSELPERQLHKSASALLAYARSIDNPSALQAAIRRMVLSHARAGVQAVHYPLGWECLRDAIKEVLGPDATETLLQAWKEAYDFLAHLLSTKEAQVYAVLAELE
> Y32G/F46S/L56S/V97G/P49P/I53R,0.4,MAPTLSEQTRQLVRASVPALQKHSVAISATMGRLLFERYPETRSLSELPERQRHKSASALLAYARSIDNPSALQAAIRRMVLSHARAGVQAVHYPLGWECLRDAIKEVLGPDATETLLQAWKEAYDFLAHLLSTKEAQVYAVLAELE
> Y32G/F46S/L56S/V97G/P49P/I53T,0.693,MAPTLSEQTRQLVRASVPALQKHSVAISATMGRLLFERYPETRSLSELPERQTHKSASALLAYARSIDNPSALQAAIRRMVLSHARAGVQAVHYPLGWECLRDAIKEVLGPDATETLLQAWKEAYDFLAHLLSTKEAQVYAVLAELE
> Y32G/F46S/L56S/V97G/P49R/R51N,-0.13,MAPTLSEQTRQLVRASVPALQKHSVAISATMGRLLFERYPETRSLSELRENQIHKSASALLAYARSIDNPSALQAAIRRMVLSHARAGVQAVHYPLGWECLRDAIKEVLGPDATETLLQAWKEAYDFLAHLLSTKEAQVYAVLAELE
> Y32G/F46S/L56S/V97G/P49R/I53C,0.124,MAPTLSEQTRQLVRASVPALQKHSVAISATMGRLLFERYPETRSLSELRERQCHKSASALLAYARSIDNPSALQAAIRRMVLSHARAGVQAVHYPLGWECLRDAIKEVLGPDATETLLQAWKEAYDFLAHLLSTKEAQVYAVLAELE
> Y32G/F46S/L56S/V97G/P49Y/R51G,-0.099,MAPTLSEQTRQLVRASVPALQKHSVAISATMGRLLFERYPETRSLSELYEGQIHKSASALLAYARSIDNPSALQAAIRRMVLSHARAGVQAVHYPLGWECLRDAIKEVLGPDATETLLQAWKEAYDFLAHLLSTKEAQVYAVLAELE
> Y32V/F46C/L56H/P49C/R51D/I53C,-0.031,MAPTLSEQTRQLVRASVPALQKHSVAISATMVRLLFERYPETRSLCELCEDQCHKHASALLAYARSIDNPSALQAAIRRMVLSHARAGVQAVHYPLVWECLRDAIKEVLGPDATETLLQAWKEAYDFLAHLLSTKEAQVYAVLAELE
> Y32V/F46C/L56H/P49C/R51F/I53L,-0.6409999999999999,MAPTLSEQTRQLVRASVPALQKHSVAISATMVRLLFERYPETRSLCELCEFQLHKHASALLAYARSIDNPSALQAAIRRMVLSHARAGVQAVHYPLVWECLRDAIKEVLGPDATETLLQAWKEAYDFLAHLLSTKEAQVYAVLAELE
> Y32V/F46C/L56H/P49C/R51F/I53S,-0.489,MAPTLSEQTRQLVRASVPALQKHSVAISATMVRLLFERYPETRSLCELCEFQSHKHASALLAYARSIDNPSALQAAIRRMVLSHARAGVQAVHYPLVWECLRDAIKEVLGPDATETLLQAWKEAYDFLAHLLSTKEAQVYAVLAELE
> Y32V/F46C/L56H/P49C/R51G/I53C,-0.152,MAPTLSEQTRQLVRASVPALQKHSVAISATMVRLLFERYPETRSLCELCEGQCHKHASALLAYARSIDNPSALQAAIRRMVLSHARAGVQAVHYPLVWECLRDAIKEVLGPDATETLLQAWKEAYDFLAHLLSTKEAQVYAVLAELE
> Y32V/F46C/L56H/P49C/R51G/I53V,-0.504,MAPTLSEQTRQLVRASVPALQKHSVAISATMVRLLFERYPETRSLCELCEGQVHKHASALLAYARSIDNPSALQAAIRRMVLSHARAGVQAVHYPLVWECLRDAIKEVLGPDATETLLQAWKEAYDFLAHLLSTKEAQVYAVLAELE
> Y32V/F46C/L56H/P49C/R51V/I53G,-0.41700000000000004,MAPTLSEQTRQLVRASVPALQKHSVAISATMVRLLFERYPETRSLCELCEVQGHKHASALLAYARSIDNPSALQAAIRRMVLSHARAGVQAVHYPLVWECLRDAIKEVLGPDATETLLQAWKEAYDFLAHLLSTKEAQVYAVLAELE
> Y32V/F46C/L56H/P49C/R51Y/I53H,-0.245,MAPTLSEQTRQLVRASVPALQKHSVAISATMVRLLFERYPETRSLCELCEYQHHKHASALLAYARSIDNPSALQAAIRRMVLSHARAGVQAVHYPLVWECLRDAIKEVLGPDATETLLQAWKEAYDFLAHLLSTKEAQVYAVLAELE
> Y32V/F46C/L56H/P49D/R51C/I53N,0.237,MAPTLSEQTRQLVRASVPALQKHSVAISATMVRLLFERYPETRSLCELDECQNHKHASALLAYARSIDNPSALQAAIRRMVLSHARAGVQAVHYPLVWECLRDAIKEVLGPDATETLLQAWKEAYDFLAHLLSTKEAQVYAVLAELE
> Y32V/F46C/L56H/P49D/R51C/I53S,-0.33899999999999997,MAPTLSEQTRQLVRASVPALQKHSVAISATMVRLLFERYPETRSLCELDECQSHKHASALLAYARSIDNPSALQAAIRRMVLSHARAGVQAVHYPLVWECLRDAIKEVLGPDATETLLQAWKEAYDFLAHLLSTKEAQVYAVLAELE
> Y32V/F46C/L56H/P49D/R51F/I53Y,-0.33799999999999997,MAPTLSEQTRQLVRASVPALQKHSVAISATMVRLLFERYPETRSLCELDEFQYHKHASALLAYARSIDNPSALQAAIRRMVLSHARAGVQAVHYPLVWECLRDAIKEVLGPDATETLLQAWKEAYDFLAHLLSTKEAQVYAVLAELE
> Y32V/F46C/L56H/P49D/R51G/I53F,-0.295,MAPTLSEQTRQLVRASVPALQKHSVAISATMVRLLFERYPETRSLCELDEGQFHKHASALLAYARSIDNPSALQAAIRRMVLSHARAGVQAVHYPLVWECLRDAIKEVLGPDATETLLQAWKEAYDFLAHLLSTKEAQVYAVLAELE
> Y32V/F46C/L56H/P49D/R51G/I53V,-0.556,MAPTLSEQTRQLVRASVPALQKHSVAISATMVRLLFERYPETRSLCELDEGQVHKHASALLAYARSIDNPSALQAAIRRMVLSHARAGVQAVHYPLVWECLRDAIKEVLGPDATETLLQAWKEAYDFLAHLLSTKEAQVYAVLAELE
> Y32V/F46C/L56H/P49D/R51I/I53C,-0.32899999999999996,MAPTLSEQTRQLVRASVPALQKHSVAISATMVRLLFERYPETRSLCELDEIQCHKHASALLAYARSIDNPSALQAAIRRMVLSHARAGVQAVHYPLVWECLRDAIKEVLGPDATETLLQAWKEAYDFLAHLLSTKEAQVYAVLAELE
> Y32V/F46C/L56H/P49D/R51V/I53F,-0.51,MAPTLSEQTRQLVRASVPALQKHSVAISATMVRLLFERYPETRSLCELDEVQFHKHASALLAYARSIDNPSALQAAIRRMVLSHARAGVQAVHYPLVWECLRDAIKEVLGPDATETLLQAWKEAYDFLAHLLSTKEAQVYAVLAELE
> Y32V/F46C/L56H/P49D/R51Y/I53L,-0.435,MAPTLSEQTRQLVRASVPALQKHSVAISATMVRLLFERYPETRSLCELDEYQLHKHASALLAYARSIDNPSALQAAIRRMVLSHARAGVQAVHYPLVWECLRDAIKEVLGPDATETLLQAWKEAYDFLAHLLSTKEAQVYAVLAELE
> Y32V/F46C/L56H/P49F/R51C/I53C,-0.4,MAPTLSEQTRQLVRASVPALQKHSVAISATMVRLLFERYPETRSLCELFECQCHKHASALLAYARSIDNPSALQAAIRRMVLSHARAGVQAVHYPLVWECLRDAIKEVLGPDATETLLQAWKEAYDFLAHLLSTKEAQVYAVLAELE
> Y32V/F46C/L56H/P49F/R51C/I53S,-0.36700000000000005,MAPTLSEQTRQLVRASVPALQKHSVAISATMVRLLFERYPETRSLCELFECQSHKHASALLAYARSIDNPSALQAAIRRMVLSHARAGVQAVHYPLVWECLRDAIKEVLGPDATETLLQAWKEAYDFLAHLLSTKEAQVYAVLAELE
> Y32V/F46C/L56H/P49F/R51F/I53S,-0.509,MAPTLSEQTRQLVRASVPALQKHSVAISATMVRLLFERYPETRSLCELFEFQSHKHASALLAYARSIDNPSALQAAIRRMVLSHARAGVQAVHYPLVWECLRDAIKEVLGPDATETLLQAWKEAYDFLAHLLSTKEAQVYAVLAELE
> Y32V/F46C/L56H/P49F/R51G/I53G,-0.086,MAPTLSEQTRQLVRASVPALQKHSVAISATMVRLLFERYPETRSLCELFEGQGHKHASALLAYARSIDNPSALQAAIRRMVLSHARAGVQAVHYPLVWECLRDAIKEVLGPDATETLLQAWKEAYDFLAHLLSTKEAQVYAVLAELE
> Y32V/F46C/L56H/P49F/R51N/I53N,0.165,MAPTLSEQTRQLVRASVPALQKHSVAISATMVRLLFERYPETRSLCELFENQNHKHASALLAYARSIDNPSALQAAIRRMVLSHARAGVQAVHYPLVWECLRDAIKEVLGPDATETLLQAWKEAYDFLAHLLSTKEAQVYAVLAELE
> Y32V/F46C/L56H/P49F/R51V/I53D,-0.591,MAPTLSEQTRQLVRASVPALQKHSVAISATMVRLLFERYPETRSLCELFEVQDHKHASALLAYARSIDNPSALQAAIRRMVLSHARAGVQAVHYPLVWECLRDAIKEVLGPDATETLLQAWKEAYDFLAHLLSTKEAQVYAVLAELE
> Y32V/F46C/L56H/P49G/R51C/I53F,-0.455,MAPTLSEQTRQLVRASVPALQKHSVAISATMVRLLFERYPETRSLCELGECQFHKHASALLAYARSIDNPSALQAAIRRMVLSHARAGVQAVHYPLVWECLRDAIKEVLGPDATETLLQAWKEAYDFLAHLLSTKEAQVYAVLAELE
> Y32V/F46C/L56H/P49G/R51C/I53S,-0.381,MAPTLSEQTRQLVRASVPALQKHSVAISATMVRLLFERYPETRSLCELGECQSHKHASALLAYARSIDNPSALQAAIRRMVLSHARAGVQAVHYPLVWECLRDAIKEVLGPDATETLLQAWKEAYDFLAHLLSTKEAQVYAVLAELE
> Y32V/F46C/L56H/P49G/R51D/I53C,-0.309,MAPTLSEQTRQLVRASVPALQKHSVAISATMVRLLFERYPETRSLCELGEDQCHKHASALLAYARSIDNPSALQAAIRRMVLSHARAGVQAVHYPLVWECLRDAIKEVLGPDATETLLQAWKEAYDFLAHLLSTKEAQVYAVLAELE
> Y32V/F46C/L56H/P49G/R51F/I53F,-0.843,MAPTLSEQTRQLVRASVPALQKHSVAISATMVRLLFERYPETRSLCELGEFQFHKHASALLAYARSIDNPSALQAAIRRMVLSHARAGVQAVHYPLVWECLRDAIKEVLGPDATETLLQAWKEAYDFLAHLLSTKEAQVYAVLAELE
> Y32V/F46C/L56H/P49G/R51F/I53S,-0.821,MAPTLSEQTRQLVRASVPALQKHSVAISATMVRLLFERYPETRSLCELGEFQSHKHASALLAYARSIDNPSALQAAIRRMVLSHARAGVQAVHYPLVWECLRDAIKEVLGPDATETLLQAWKEAYDFLAHLLSTKEAQVYAVLAELE
> Y32V/F46C/L56H/P49G/R51G/I53H,-0.272,MAPTLSEQTRQLVRASVPALQKHSVAISATMVRLLFERYPETRSLCELGEGQHHKHASALLAYARSIDNPSALQAAIRRMVLSHARAGVQAVHYPLVWECLRDAIKEVLGPDATETLLQAWKEAYDFLAHLLSTKEAQVYAVLAELE
> Y32V/F46C/L56H/P49G/R51I/I53F,-0.502,MAPTLSEQTRQLVRASVPALQKHSVAISATMVRLLFERYPETRSLCELGEIQFHKHASALLAYARSIDNPSALQAAIRRMVLSHARAGVQAVHYPLVWECLRDAIKEVLGPDATETLLQAWKEAYDFLAHLLSTKEAQVYAVLAELE
> Y32V/F46C/L56H/P49G/R51I/I53S,-0.802,MAPTLSEQTRQLVRASVPALQKHSVAISATMVRLLFERYPETRSLCELGEIQSHKHASALLAYARSIDNPSALQAAIRRMVLSHARAGVQAVHYPLVWECLRDAIKEVLGPDATETLLQAWKEAYDFLAHLLSTKEAQVYAVLAELE
> Y32V/F46C/L56H/P49G/R51I/I53Y,-0.519,MAPTLSEQTRQLVRASVPALQKHSVAISATMVRLLFERYPETRSLCELGEIQYHKHASALLAYARSIDNPSALQAAIRRMVLSHARAGVQAVHYPLVWECLRDAIKEVLGPDATETLLQAWKEAYDFLAHLLSTKEAQVYAVLAELE
> Y32V/F46C/L56H/P49G/R51V/I53S,-0.7709999999999999,MAPTLSEQTRQLVRASVPALQKHSVAISATMVRLLFERYPETRSLCELGEVQSHKHASALLAYARSIDNPSALQAAIRRMVLSHARAGVQAVHYPLVWECLRDAIKEVLGPDATETLLQAWKEAYDFLAHLLSTKEAQVYAVLAELE
> Y32V/F46C/L56H/P49G/R51V/I53V,-0.848,MAPTLSEQTRQLVRASVPALQKHSVAISATMVRLLFERYPETRSLCELGEVQVHKHASALLAYARSIDNPSALQAAIRRMVLSHARAGVQAVHYPLVWECLRDAIKEVLGPDATETLLQAWKEAYDFLAHLLSTKEAQVYAVLAELE
> Y32V/F46C/L56H/P49G/R51Y/I53D,-0.449,MAPTLSEQTRQLVRASVPALQKHSVAISATMVRLLFERYPETRSLCELGEYQDHKHASALLAYARSIDNPSALQAAIRRMVLSHARAGVQAVHYPLVWECLRDAIKEVLGPDATETLLQAWKEAYDFLAHLLSTKEAQVYAVLAELE
> Y32V/F46C/L56H/P49G/R51Y/I53G,-0.433,MAPTLSEQTRQLVRASVPALQKHSVAISATMVRLLFERYPETRSLCELGEYQGHKHASALLAYARSIDNPSALQAAIRRMVLSHARAGVQAVHYPLVWECLRDAIKEVLGPDATETLLQAWKEAYDFLAHLLSTKEAQVYAVLAELE
> Y32V/F46C/L56H/P49H/R51C/I53F,-0.475,MAPTLSEQTRQLVRASVPALQKHSVAISATMVRLLFERYPETRSLCELHECQFHKHASALLAYARSIDNPSALQAAIRRMVLSHARAGVQAVHYPLVWECLRDAIKEVLGPDATETLLQAWKEAYDFLAHLLSTKEAQVYAVLAELE
> Y32V/F46C/L56H/P49H/R51D/I53R,-0.154,MAPTLSEQTRQLVRASVPALQKHSVAISATMVRLLFERYPETRSLCELHEDQRHKHASALLAYARSIDNPSALQAAIRRMVLSHARAGVQAVHYPLVWECLRDAIKEVLGPDATETLLQAWKEAYDFLAHLLSTKEAQVYAVLAELE
> Y32V/F46C/L56H/P49H/R51F/I53Y,-0.507,MAPTLSEQTRQLVRASVPALQKHSVAISATMVRLLFERYPETRSLCELHEFQYHKHASALLAYARSIDNPSALQAAIRRMVLSHARAGVQAVHYPLVWECLRDAIKEVLGPDATETLLQAWKEAYDFLAHLLSTKEAQVYAVLAELE
> Y32V/F46C/L56H/P49H/R51G/I53R,-0.018000000000000002,MAPTLSEQTRQLVRASVPALQKHSVAISATMVRLLFERYPETRSLCELHEGQRHKHASALLAYARSIDNPSALQAAIRRMVLSHARAGVQAVHYPLVWECLRDAIKEVLGPDATETLLQAWKEAYDFLAHLLSTKEAQVYAVLAELE
> Y32V/F46C/L56H/P49H/R51H/I53D,-0.29,MAPTLSEQTRQLVRASVPALQKHSVAISATMVRLLFERYPETRSLCELHEHQDHKHASALLAYARSIDNPSALQAAIRRMVLSHARAGVQAVHYPLVWECLRDAIKEVLGPDATETLLQAWKEAYDFLAHLLSTKEAQVYAVLAELE
> Y32V/F46C/L56H/P49H/R51H/I53G,-0.27899999999999997,MAPTLSEQTRQLVRASVPALQKHSVAISATMVRLLFERYPETRSLCELHEHQGHKHASALLAYARSIDNPSALQAAIRRMVLSHARAGVQAVHYPLVWECLRDAIKEVLGPDATETLLQAWKEAYDFLAHLLSTKEAQVYAVLAELE
> Y32V/F46C/L56H/P49H/R51I/I53D,-0.33899999999999997,MAPTLSEQTRQLVRASVPALQKHSVAISATMVRLLFERYPETRSLCELHEIQDHKHASALLAYARSIDNPSALQAAIRRMVLSHARAGVQAVHYPLVWECLRDAIKEVLGPDATETLLQAWKEAYDFLAHLLSTKEAQVYAVLAELE
> Y32V/F46C/L56H/P49H/R51L/I53C,-0.13699999999999998,MAPTLSEQTRQLVRASVPALQKHSVAISATMVRLLFERYPETRSLCELHELQCHKHASALLAYARSIDNPSALQAAIRRMVLSHARAGVQAVHYPLVWECLRDAIKEVLGPDATETLLQAWKEAYDFLAHLLSTKEAQVYAVLAELE
> Y32V/F46C/L56H/P49H/R51S/I53N,-0.264,MAPTLSEQTRQLVRASVPALQKHSVAISATMVRLLFERYPETRSLCELHESQNHKHASALLAYARSIDNPSALQAAIRRMVLSHARAGVQAVHYPLVWECLRDAIKEVLGPDATETLLQAWKEAYDFLAHLLSTKEAQVYAVLAELE
> Y32V/F46C/L56H/P49H/R51V/I53G,-0.41200000000000003,MAPTLSEQTRQLVRASVPALQKHSVAISATMVRLLFERYPETRSLCELHEVQGHKHASALLAYARSIDNPSALQAAIRRMVLSHARAGVQAVHYPLVWECLRDAIKEVLGPDATETLLQAWKEAYDFLAHLLSTKEAQVYAVLAELE
> Y32V/F46C/L56H/P49H/R51Y/I53Y,-0.19399999999999998,MAPTLSEQTRQLVRASVPALQKHSVAISATMVRLLFERYPETRSLCELHEYQYHKHASALLAYARSIDNPSALQAAIRRMVLSHARAGVQAVHYPLVWECLRDAIKEVLGPDATETLLQAWKEAYDFLAHLLSTKEAQVYAVLAELE
> Y32V/F46C/L56H/P49I/R51C/I53G,-0.28300000000000003,MAPTLSEQTRQLVRASVPALQKHSVAISATMVRLLFERYPETRSLCELIECQGHKHASALLAYARSIDNPSALQAAIRRMVLSHARAGVQAVHYPLVWECLRDAIKEVLGPDATETLLQAWKEAYDFLAHLLSTKEAQVYAVLAELE
> Y32V/F46C/L56H/P49I/R51C/I53V,-0.43799999999999994,MAPTLSEQTRQLVRASVPALQKHSVAISATMVRLLFERYPETRSLCELIECQVHKHASALLAYARSIDNPSALQAAIRRMVLSHARAGVQAVHYPLVWECLRDAIKEVLGPDATETLLQAWKEAYDFLAHLLSTKEAQVYAVLAELE
> Y32V/F46C/L56H/P49I/R51D/I53G,-0.301,MAPTLSEQTRQLVRASVPALQKHSVAISATMVRLLFERYPETRSLCELIEDQGHKHASALLAYARSIDNPSALQAAIRRMVLSHARAGVQAVHYPLVWECLRDAIKEVLGPDATETLLQAWKEAYDFLAHLLSTKEAQVYAVLAELE
> Y32V/F46C/L56H/P49I/R51F/I53F,-0.16,MAPTLSEQTRQLVRASVPALQKHSVAISATMVRLLFERYPETRSLCELIEFQFHKHASALLAYARSIDNPSALQAAIRRMVLSHARAGVQAVHYPLVWECLRDAIKEVLGPDATETLLQAWKEAYDFLAHLLSTKEAQVYAVLAELE
> Y32V/F46C/L56H/P49I/R51F/I53L,-0.462,MAPTLSEQTRQLVRASVPALQKHSVAISATMVRLLFERYPETRSLCELIEFQLHKHASALLAYARSIDNPSALQAAIRRMVLSHARAGVQAVHYPLVWECLRDAIKEVLGPDATETLLQAWKEAYDFLAHLLSTKEAQVYAVLAELE
> Y32V/F46C/L56H/P49I/R51G/I53D,0.22399999999999998,MAPTLSEQTRQLVRASVPALQKHSVAISATMVRLLFERYPETRSLCELIEGQDHKHASALLAYARSIDNPSALQAAIRRMVLSHARAGVQAVHYPLVWECLRDAIKEVLGPDATETLLQAWKEAYDFLAHLLSTKEAQVYAVLAELE
> Y32V/F46C/L56H/P49I/R51G/I53N,-0.462,MAPTLSEQTRQLVRASVPALQKHSVAISATMVRLLFERYPETRSLCELIEGQNHKHASALLAYARSIDNPSALQAAIRRMVLSHARAGVQAVHYPLVWECLRDAIKEVLGPDATETLLQAWKEAYDFLAHLLSTKEAQVYAVLAELE
> Y32V/F46C/L56H/P49I/R51G/I53R,-0.254,MAPTLSEQTRQLVRASVPALQKHSVAISATMVRLLFERYPETRSLCELIEGQRHKHASALLAYARSIDNPSALQAAIRRMVLSHARAGVQAVHYPLVWECLRDAIKEVLGPDATETLLQAWKEAYDFLAHLLSTKEAQVYAVLAELE
> Y32V/F46C/L56H/P49I/R51L/I53H,-0.205,MAPTLSEQTRQLVRASVPALQKHSVAISATMVRLLFERYPETRSLCELIELQHHKHASALLAYARSIDNPSALQAAIRRMVLSHARAGVQAVHYPLVWECLRDAIKEVLGPDATETLLQAWKEAYDFLAHLLSTKEAQVYAVLAELE
> Y32V/F46C/L56H/P49I/R51V/I53N,-0.514,MAPTLSEQTRQLVRASVPALQKHSVAISATMVRLLFERYPETRSLCELIEVQNHKHASALLAYARSIDNPSALQAAIRRMVLSHARAGVQAVHYPLVWECLRDAIKEVLGPDATETLLQAWKEAYDFLAHLLSTKEAQVYAVLAELE
> Y32V/F46C/L56H/P49L/R51C/I53N,-0.32799999999999996,MAPTLSEQTRQLVRASVPALQKHSVAISATMVRLLFERYPETRSLCELLECQNHKHASALLAYARSIDNPSALQAAIRRMVLSHARAGVQAVHYPLVWECLRDAIKEVLGPDATETLLQAWKEAYDFLAHLLSTKEAQVYAVLAELE
> Y32V/F46C/L56H/P49L/R51D/I53C,-0.255,MAPTLSEQTRQLVRASVPALQKHSVAISATMVRLLFERYPETRSLCELLEDQCHKHASALLAYARSIDNPSALQAAIRRMVLSHARAGVQAVHYPLVWECLRDAIKEVLGPDATETLLQAWKEAYDFLAHLLSTKEAQVYAVLAELE
> Y32V/F46C/L56H/P49L/R51D/I53R,-0.166,MAPTLSEQTRQLVRASVPALQKHSVAISATMVRLLFERYPETRSLCELLEDQRHKHASALLAYARSIDNPSALQAAIRRMVLSHARAGVQAVHYPLVWECLRDAIKEVLGPDATETLLQAWKEAYDFLAHLLSTKEAQVYAVLAELE
> Y32V/F46C/L56H/P49L/R51D/I53S,-0.475,MAPTLSEQTRQLVRASVPALQKHSVAISATMVRLLFERYPETRSLCELLEDQSHKHASALLAYARSIDNPSALQAAIRRMVLSHARAGVQAVHYPLVWECLRDAIKEVLGPDATETLLQAWKEAYDFLAHLLSTKEAQVYAVLAELE
> Y32V/F46C/L56H/P49L/R51G/I53G,-0.22699999999999998,MAPTLSEQTRQLVRASVPALQKHSVAISATMVRLLFERYPETRSLCELLEGQGHKHASALLAYARSIDNPSALQAAIRRMVLSHARAGVQAVHYPLVWECLRDAIKEVLGPDATETLLQAWKEAYDFLAHLLSTKEAQVYAVLAELE
> Y32V/F46C/L56H/P49L/R51H/I53S,-0.41600000000000004,MAPTLSEQTRQLVRASVPALQKHSVAISATMVRLLFERYPETRSLCELLEHQSHKHASALLAYARSIDNPSALQAAIRRMVLSHARAGVQAVHYPLVWECLRDAIKEVLGPDATETLLQAWKEAYDFLAHLLSTKEAQVYAVLAELE
> Y32V/F46C/L56H/P49L/R51I/I53F,-0.35200000000000004,MAPTLSEQTRQLVRASVPALQKHSVAISATMVRLLFERYPETRSLCELLEIQFHKHASALLAYARSIDNPSALQAAIRRMVLSHARAGVQAVHYPLVWECLRDAIKEVLGPDATETLLQAWKEAYDFLAHLLSTKEAQVYAVLAELE
> Y32V/F46C/L56H/P49L/R51I/I53G,-0.27,MAPTLSEQTRQLVRASVPALQKHSVAISATMVRLLFERYPETRSLCELLEIQGHKHASALLAYARSIDNPSALQAAIRRMVLSHARAGVQAVHYPLVWECLRDAIKEVLGPDATETLLQAWKEAYDFLAHLLSTKEAQVYAVLAELE
> Y32V/F46C/L56H/P49L/R51I/I53R,-0.204,MAPTLSEQTRQLVRASVPALQKHSVAISATMVRLLFERYPETRSLCELLEIQRHKHASALLAYARSIDNPSALQAAIRRMVLSHARAGVQAVHYPLVWECLRDAIKEVLGPDATETLLQAWKEAYDFLAHLLSTKEAQVYAVLAELE
> Y32V/F46C/L56H/P49L/R51I/I53Y,-0.384,MAPTLSEQTRQLVRASVPALQKHSVAISATMVRLLFERYPETRSLCELLEIQYHKHASALLAYARSIDNPSALQAAIRRMVLSHARAGVQAVHYPLVWECLRDAIKEVLGPDATETLLQAWKEAYDFLAHLLSTKEAQVYAVLAELE
> Y32V/F46C/L56H/P49L/R51L/I53G,-0.341,MAPTLSEQTRQLVRASVPALQKHSVAISATMVRLLFERYPETRSLCELLELQGHKHASALLAYARSIDNPSALQAAIRRMVLSHARAGVQAVHYPLVWECLRDAIKEVLGPDATETLLQAWKEAYDFLAHLLSTKEAQVYAVLAELE
> Y32V/F46C/L56H/P49L/R51L/I53L,-0.284,MAPTLSEQTRQLVRASVPALQKHSVAISATMVRLLFERYPETRSLCELLELQLHKHASALLAYARSIDNPSALQAAIRRMVLSHARAGVQAVHYPLVWECLRDAIKEVLGPDATETLLQAWKEAYDFLAHLLSTKEAQVYAVLAELE
> Y32V/F46C/L56H/P49L/R51L/I53S,-0.35200000000000004,MAPTLSEQTRQLVRASVPALQKHSVAISATMVRLLFERYPETRSLCELLELQSHKHASALLAYARSIDNPSALQAAIRRMVLSHARAGVQAVHYPLVWECLRDAIKEVLGPDATETLLQAWKEAYDFLAHLLSTKEAQVYAVLAELE
> Y32V/F46C/L56H/P49L/R51L/I53V,-0.419,MAPTLSEQTRQLVRASVPALQKHSVAISATMVRLLFERYPETRSLCELLELQVHKHASALLAYARSIDNPSALQAAIRRMVLSHARAGVQAVHYPLVWECLRDAIKEVLGPDATETLLQAWKEAYDFLAHLLSTKEAQVYAVLAELE
> Y32V/F46C/L56H/P49L/R51N/I53Y,-0.102,MAPTLSEQTRQLVRASVPALQKHSVAISATMVRLLFERYPETRSLCELLENQYHKHASALLAYARSIDNPSALQAAIRRMVLSHARAGVQAVHYPLVWECLRDAIKEVLGPDATETLLQAWKEAYDFLAHLLSTKEAQVYAVLAELE
> Y32V/F46C/L56H/P49L/R51V/I53D,-0.43200000000000005,MAPTLSEQTRQLVRASVPALQKHSVAISATMVRLLFERYPETRSLCELLEVQDHKHASALLAYARSIDNPSALQAAIRRMVLSHARAGVQAVHYPLVWECLRDAIKEVLGPDATETLLQAWKEAYDFLAHLLSTKEAQVYAVLAELE
> Y32V/F46C/L56H/P49L/R51V/I53G,-0.358,MAPTLSEQTRQLVRASVPALQKHSVAISATMVRLLFERYPETRSLCELLEVQGHKHASALLAYARSIDNPSALQAAIRRMVLSHARAGVQAVHYPLVWECLRDAIKEVLGPDATETLLQAWKEAYDFLAHLLSTKEAQVYAVLAELE
> Y32V/F46C/L56H/P49L/R51V/I53S,-0.386,MAPTLSEQTRQLVRASVPALQKHSVAISATMVRLLFERYPETRSLCELLEVQSHKHASALLAYARSIDNPSALQAAIRRMVLSHARAGVQAVHYPLVWECLRDAIKEVLGPDATETLLQAWKEAYDFLAHLLSTKEAQVYAVLAELE
> Y32V/F46C/L56H/P49L/R51V/I53V,-0.655,MAPTLSEQTRQLVRASVPALQKHSVAISATMVRLLFERYPETRSLCELLEVQVHKHASALLAYARSIDNPSALQAAIRRMVLSHARAGVQAVHYPLVWECLRDAIKEVLGPDATETLLQAWKEAYDFLAHLLSTKEAQVYAVLAELE
> Y32V/F46C/L56H/P49L/R51Y/I53R,-0.366,MAPTLSEQTRQLVRASVPALQKHSVAISATMVRLLFERYPETRSLCELLEYQRHKHASALLAYARSIDNPSALQAAIRRMVLSHARAGVQAVHYPLVWECLRDAIKEVLGPDATETLLQAWKEAYDFLAHLLSTKEAQVYAVLAELE
> Y32V/F46C/L56H/P49N/R51C/I53C,-0.24600000000000002,MAPTLSEQTRQLVRASVPALQKHSVAISATMVRLLFERYPETRSLCELNECQCHKHASALLAYARSIDNPSALQAAIRRMVLSHARAGVQAVHYPLVWECLRDAIKEVLGPDATETLLQAWKEAYDFLAHLLSTKEAQVYAVLAELE
> Y32V/F46C/L56H/P49N/R51C/I53Y,-0.353,MAPTLSEQTRQLVRASVPALQKHSVAISATMVRLLFERYPETRSLCELNECQYHKHASALLAYARSIDNPSALQAAIRRMVLSHARAGVQAVHYPLVWECLRDAIKEVLGPDATETLLQAWKEAYDFLAHLLSTKEAQVYAVLAELE
> Y32V/F46C/L56H/P49N/R51D/I53V,-0.745,MAPTLSEQTRQLVRASVPALQKHSVAISATMVRLLFERYPETRSLCELNEDQVHKHASALLAYARSIDNPSALQAAIRRMVLSHARAGVQAVHYPLVWECLRDAIKEVLGPDATETLLQAWKEAYDFLAHLLSTKEAQVYAVLAELE
> Y32V/F46C/L56H/P49N/R51G/I53G,-0.27,MAPTLSEQTRQLVRASVPALQKHSVAISATMVRLLFERYPETRSLCELNEGQGHKHASALLAYARSIDNPSALQAAIRRMVLSHARAGVQAVHYPLVWECLRDAIKEVLGPDATETLLQAWKEAYDFLAHLLSTKEAQVYAVLAELE
> Y32V/F46C/L56H/P49N/R51I/I53D,-0.528,MAPTLSEQTRQLVRASVPALQKHSVAISATMVRLLFERYPETRSLCELNEIQDHKHASALLAYARSIDNPSALQAAIRRMVLSHARAGVQAVHYPLVWECLRDAIKEVLGPDATETLLQAWKEAYDFLAHLLSTKEAQVYAVLAELE
> Y32V/F46C/L56H/P49N/R51I/I53S,-0.642,MAPTLSEQTRQLVRASVPALQKHSVAISATMVRLLFERYPETRSLCELNEIQSHKHASALLAYARSIDNPSALQAAIRRMVLSHARAGVQAVHYPLVWECLRDAIKEVLGPDATETLLQAWKEAYDFLAHLLSTKEAQVYAVLAELE
> Y32V/F46C/L56H/P49N/R51I/I53V,-0.742,MAPTLSEQTRQLVRASVPALQKHSVAISATMVRLLFERYPETRSLCELNEIQVHKHASALLAYARSIDNPSALQAAIRRMVLSHARAGVQAVHYPLVWECLRDAIKEVLGPDATETLLQAWKEAYDFLAHLLSTKEAQVYAVLAELE
> Y32V/F46C/L56H/P49N/R51L/I53N,-0.5529999999999999,MAPTLSEQTRQLVRASVPALQKHSVAISATMVRLLFERYPETRSLCELNELQNHKHASALLAYARSIDNPSALQAAIRRMVLSHARAGVQAVHYPLVWECLRDAIKEVLGPDATETLLQAWKEAYDFLAHLLSTKEAQVYAVLAELE
> Y32V/F46C/L56H/P49N/R51N/I53S,-0.48200000000000004,MAPTLSEQTRQLVRASVPALQKHSVAISATMVRLLFERYPETRSLCELNENQSHKHASALLAYARSIDNPSALQAAIRRMVLSHARAGVQAVHYPLVWECLRDAIKEVLGPDATETLLQAWKEAYDFLAHLLSTKEAQVYAVLAELE
> Y32V/F46C/L56H/P49N/R51S/I53N,-0.348,MAPTLSEQTRQLVRASVPALQKHSVAISATMVRLLFERYPETRSLCELNESQNHKHASALLAYARSIDNPSALQAAIRRMVLSHARAGVQAVHYPLVWECLRDAIKEVLGPDATETLLQAWKEAYDFLAHLLSTKEAQVYAVLAELE
> Y32V/F46C/L56H/P49N/R51S/I53Y,-0.292,MAPTLSEQTRQLVRASVPALQKHSVAISATMVRLLFERYPETRSLCELNESQYHKHASALLAYARSIDNPSALQAAIRRMVLSHARAGVQAVHYPLVWECLRDAIKEVLGPDATETLLQAWKEAYDFLAHLLSTKEAQVYAVLAELE
> Y32V/F46C/L56H/P49N/R51V/I53F,-0.759,MAPTLSEQTRQLVRASVPALQKHSVAISATMVRLLFERYPETRSLCELNEVQFHKHASALLAYARSIDNPSALQAAIRRMVLSHARAGVQAVHYPLVWECLRDAIKEVLGPDATETLLQAWKEAYDFLAHLLSTKEAQVYAVLAELE
> Y32V/F46C/L56H/P49N/R51V/I53G,-0.321,MAPTLSEQTRQLVRASVPALQKHSVAISATMVRLLFERYPETRSLCELNEVQGHKHASALLAYARSIDNPSALQAAIRRMVLSHARAGVQAVHYPLVWECLRDAIKEVLGPDATETLLQAWKEAYDFLAHLLSTKEAQVYAVLAELE
> Y32V/F46C/L56H/P49N/R51V/I53S,-0.6559999999999999,MAPTLSEQTRQLVRASVPALQKHSVAISATMVRLLFERYPETRSLCELNEVQSHKHASALLAYARSIDNPSALQAAIRRMVLSHARAGVQAVHYPLVWECLRDAIKEVLGPDATETLLQAWKEAYDFLAHLLSTKEAQVYAVLAELE
> Y32V/F46C/L56H/P49N/R51V/I53V,-0.79,MAPTLSEQTRQLVRASVPALQKHSVAISATMVRLLFERYPETRSLCELNEVQVHKHASALLAYARSIDNPSALQAAIRRMVLSHARAGVQAVHYPLVWECLRDAIKEVLGPDATETLLQAWKEAYDFLAHLLSTKEAQVYAVLAELE
> Y32V/F46C/L56H/P49P/R51F/I53S,-0.868,MAPTLSEQTRQLVRASVPALQKHSVAISATMVRLLFERYPETRSLCELPEFQSHKHASALLAYARSIDNPSALQAAIRRMVLSHARAGVQAVHYPLVWECLRDAIKEVLGPDATETLLQAWKEAYDFLAHLLSTKEAQVYAVLAELE
> Y32V/F46C/L56H/P49P/R51I/I53F,-0.86,MAPTLSEQTRQLVRASVPALQKHSVAISATMVRLLFERYPETRSLCELPEIQFHKHASALLAYARSIDNPSALQAAIRRMVLSHARAGVQAVHYPLVWECLRDAIKEVLGPDATETLLQAWKEAYDFLAHLLSTKEAQVYAVLAELE
> Y32V/F46C/L56H/P49P/R51I/I53L,-0.7859999999999999,MAPTLSEQTRQLVRASVPALQKHSVAISATMVRLLFERYPETRSLCELPEIQLHKHASALLAYARSIDNPSALQAAIRRMVLSHARAGVQAVHYPLVWECLRDAIKEVLGPDATETLLQAWKEAYDFLAHLLSTKEAQVYAVLAELE
> Y32V/F46C/L56H/P49P/R51I/I53S,-0.871,MAPTLSEQTRQLVRASVPALQKHSVAISATMVRLLFERYPETRSLCELPEIQSHKHASALLAYARSIDNPSALQAAIRRMVLSHARAGVQAVHYPLVWECLRDAIKEVLGPDATETLLQAWKEAYDFLAHLLSTKEAQVYAVLAELE
> Y32V/F46C/L56H/P49P/R51I/I53V,-0.863,MAPTLSEQTRQLVRASVPALQKHSVAISATMVRLLFERYPETRSLCELPEIQVHKHASALLAYARSIDNPSALQAAIRRMVLSHARAGVQAVHYPLVWECLRDAIKEVLGPDATETLLQAWKEAYDFLAHLLSTKEAQVYAVLAELE
> Y32V/F46C/L56H/P49P/R51V/I53F,-0.8859999999999999,MAPTLSEQTRQLVRASVPALQKHSVAISATMVRLLFERYPETRSLCELPEVQFHKHASALLAYARSIDNPSALQAAIRRMVLSHARAGVQAVHYPLVWECLRDAIKEVLGPDATETLLQAWKEAYDFLAHLLSTKEAQVYAVLAELE
> Y32V/F46C/L56H/P49P/R51V/I53L,-0.838,MAPTLSEQTRQLVRASVPALQKHSVAISATMVRLLFERYPETRSLCELPEVQLHKHASALLAYARSIDNPSALQAAIRRMVLSHARAGVQAVHYPLVWECLRDAIKEVLGPDATETLLQAWKEAYDFLAHLLSTKEAQVYAVLAELE
> Y32V/F46C/L56H/P49P/R51V/I53S,-0.862,MAPTLSEQTRQLVRASVPALQKHSVAISATMVRLLFERYPETRSLCELPEVQSHKHASALLAYARSIDNPSALQAAIRRMVLSHARAGVQAVHYPLVWECLRDAIKEVLGPDATETLLQAWKEAYDFLAHLLSTKEAQVYAVLAELE
> Y32V/F46C/L56H/P49P/R51V/I53V,-0.927,MAPTLSEQTRQLVRASVPALQKHSVAISATMVRLLFERYPETRSLCELPEVQVHKHASALLAYARSIDNPSALQAAIRRMVLSHARAGVQAVHYPLVWECLRDAIKEVLGPDATETLLQAWKEAYDFLAHLLSTKEAQVYAVLAELE
> Y32V/F46C/L56H/P49R/R51D/I53N,-0.317,MAPTLSEQTRQLVRASVPALQKHSVAISATMVRLLFERYPETRSLCELREDQNHKHASALLAYARSIDNPSALQAAIRRMVLSHARAGVQAVHYPLVWECLRDAIKEVLGPDATETLLQAWKEAYDFLAHLLSTKEAQVYAVLAELE
> Y32V/F46C/L56H/P49R/R51F/I53F,-0.562,MAPTLSEQTRQLVRASVPALQKHSVAISATMVRLLFERYPETRSLCELREFQFHKHASALLAYARSIDNPSALQAAIRRMVLSHARAGVQAVHYPLVWECLRDAIKEVLGPDATETLLQAWKEAYDFLAHLLSTKEAQVYAVLAELE
> Y32V/F46C/L56H/P49R/R51F/I53G,-0.601,MAPTLSEQTRQLVRASVPALQKHSVAISATMVRLLFERYPETRSLCELREFQGHKHASALLAYARSIDNPSALQAAIRRMVLSHARAGVQAVHYPLVWECLRDAIKEVLGPDATETLLQAWKEAYDFLAHLLSTKEAQVYAVLAELE
> Y32V/F46C/L56H/P49R/R51F/I53S,-0.863,MAPTLSEQTRQLVRASVPALQKHSVAISATMVRLLFERYPETRSLCELREFQSHKHASALLAYARSIDNPSALQAAIRRMVLSHARAGVQAVHYPLVWECLRDAIKEVLGPDATETLLQAWKEAYDFLAHLLSTKEAQVYAVLAELE
> Y32V/F46C/L56H/P49R/R51F/I53V,-0.57,MAPTLSEQTRQLVRASVPALQKHSVAISATMVRLLFERYPETRSLCELREFQVHKHASALLAYARSIDNPSALQAAIRRMVLSHARAGVQAVHYPLVWECLRDAIKEVLGPDATETLLQAWKEAYDFLAHLLSTKEAQVYAVLAELE
> Y32V/F46C/L56H/P49R/R51H/I53D,-0.355,MAPTLSEQTRQLVRASVPALQKHSVAISATMVRLLFERYPETRSLCELREHQDHKHASALLAYARSIDNPSALQAAIRRMVLSHARAGVQAVHYPLVWECLRDAIKEVLGPDATETLLQAWKEAYDFLAHLLSTKEAQVYAVLAELE
> Y32V/F46C/L56H/P49R/R51I/I53H,-0.625,MAPTLSEQTRQLVRASVPALQKHSVAISATMVRLLFERYPETRSLCELREIQHHKHASALLAYARSIDNPSALQAAIRRMVLSHARAGVQAVHYPLVWECLRDAIKEVLGPDATETLLQAWKEAYDFLAHLLSTKEAQVYAVLAELE
> Y32V/F46C/L56H/P49R/R51I/I53S,-0.7290000000000001,MAPTLSEQTRQLVRASVPALQKHSVAISATMVRLLFERYPETRSLCELREIQSHKHASALLAYARSIDNPSALQAAIRRMVLSHARAGVQAVHYPLVWECLRDAIKEVLGPDATETLLQAWKEAYDFLAHLLSTKEAQVYAVLAELE
> Y32V/F46C/L56H/P49R/R51N/I53N,-0.318,MAPTLSEQTRQLVRASVPALQKHSVAISATMVRLLFERYPETRSLCELRENQNHKHASALLAYARSIDNPSALQAAIRRMVLSHARAGVQAVHYPLVWECLRDAIKEVLGPDATETLLQAWKEAYDFLAHLLSTKEAQVYAVLAELE
> Y32V/F46C/L56H/P49R/R51S/I53G,-0.434,MAPTLSEQTRQLVRASVPALQKHSVAISATMVRLLFERYPETRSLCELRESQGHKHASALLAYARSIDNPSALQAAIRRMVLSHARAGVQAVHYPLVWECLRDAIKEVLGPDATETLLQAWKEAYDFLAHLLSTKEAQVYAVLAELE
> Y32V/F46C/L56H/P49R/R51V/I53S,-0.848,MAPTLSEQTRQLVRASVPALQKHSVAISATMVRLLFERYPETRSLCELREVQSHKHASALLAYARSIDNPSALQAAIRRMVLSHARAGVQAVHYPLVWECLRDAIKEVLGPDATETLLQAWKEAYDFLAHLLSTKEAQVYAVLAELE
> Y32V/F46C/L56H/P49R/R51V/I53V,-0.9059999999999999,MAPTLSEQTRQLVRASVPALQKHSVAISATMVRLLFERYPETRSLCELREVQVHKHASALLAYARSIDNPSALQAAIRRMVLSHARAGVQAVHYPLVWECLRDAIKEVLGPDATETLLQAWKEAYDFLAHLLSTKEAQVYAVLAELE
> Y32V/F46C/L56H/P49S/R51F/I53V,-0.662,MAPTLSEQTRQLVRASVPALQKHSVAISATMVRLLFERYPETRSLCELSEFQVHKHASALLAYARSIDNPSALQAAIRRMVLSHARAGVQAVHYPLVWECLRDAIKEVLGPDATETLLQAWKEAYDFLAHLLSTKEAQVYAVLAELE
> Y32V/F46C/L56H/P49S/R51G/I53G,-0.255,MAPTLSEQTRQLVRASVPALQKHSVAISATMVRLLFERYPETRSLCELSEGQGHKHASALLAYARSIDNPSALQAAIRRMVLSHARAGVQAVHYPLVWECLRDAIKEVLGPDATETLLQAWKEAYDFLAHLLSTKEAQVYAVLAELE
> Y32V/F46C/L56H/P49S/R51I/I53V,-0.649,MAPTLSEQTRQLVRASVPALQKHSVAISATMVRLLFERYPETRSLCELSEIQVHKHASALLAYARSIDNPSALQAAIRRMVLSHARAGVQAVHYPLVWECLRDAIKEVLGPDATETLLQAWKEAYDFLAHLLSTKEAQVYAVLAELE
> Y32V/F46C/L56H/P49S/R51V/I53F,-0.7020000000000001,MAPTLSEQTRQLVRASVPALQKHSVAISATMVRLLFERYPETRSLCELSEVQFHKHASALLAYARSIDNPSALQAAIRRMVLSHARAGVQAVHYPLVWECLRDAIKEVLGPDATETLLQAWKEAYDFLAHLLSTKEAQVYAVLAELE
> Y32V/F46C/L56H/P49S/R51V/I53L,-0.8540000000000001,MAPTLSEQTRQLVRASVPALQKHSVAISATMVRLLFERYPETRSLCELSEVQLHKHASALLAYARSIDNPSALQAAIRRMVLSHARAGVQAVHYPLVWECLRDAIKEVLGPDATETLLQAWKEAYDFLAHLLSTKEAQVYAVLAELE
> Y32V/F46C/L56H/P49S/R51V/I53V,-0.73,MAPTLSEQTRQLVRASVPALQKHSVAISATMVRLLFERYPETRSLCELSEVQVHKHASALLAYARSIDNPSALQAAIRRMVLSHARAGVQAVHYPLVWECLRDAIKEVLGPDATETLLQAWKEAYDFLAHLLSTKEAQVYAVLAELE
> Y32V/F46C/L56H/P49V/R51F/I53G,-0.609,MAPTLSEQTRQLVRASVPALQKHSVAISATMVRLLFERYPETRSLCELVEFQGHKHASALLAYARSIDNPSALQAAIRRMVLSHARAGVQAVHYPLVWECLRDAIKEVLGPDATETLLQAWKEAYDFLAHLLSTKEAQVYAVLAELE
> Y32V/F46C/L56H/P49V/R51I/I53D,0.16,MAPTLSEQTRQLVRASVPALQKHSVAISATMVRLLFERYPETRSLCELVEIQDHKHASALLAYARSIDNPSALQAAIRRMVLSHARAGVQAVHYPLVWECLRDAIKEVLGPDATETLLQAWKEAYDFLAHLLSTKEAQVYAVLAELE
> Y32V/F46C/L56H/P49V/R51I/I53F,-0.495,MAPTLSEQTRQLVRASVPALQKHSVAISATMVRLLFERYPETRSLCELVEIQFHKHASALLAYARSIDNPSALQAAIRRMVLSHARAGVQAVHYPLVWECLRDAIKEVLGPDATETLLQAWKEAYDFLAHLLSTKEAQVYAVLAELE
> Y32V/F46C/L56H/P49V/R51I/I53R,-0.359,MAPTLSEQTRQLVRASVPALQKHSVAISATMVRLLFERYPETRSLCELVEIQRHKHASALLAYARSIDNPSALQAAIRRMVLSHARAGVQAVHYPLVWECLRDAIKEVLGPDATETLLQAWKEAYDFLAHLLSTKEAQVYAVLAELE
> Y32V/F46C/L56H/P49V/R51I/I53V,-0.66,MAPTLSEQTRQLVRASVPALQKHSVAISATMVRLLFERYPETRSLCELVEIQVHKHASALLAYARSIDNPSALQAAIRRMVLSHARAGVQAVHYPLVWECLRDAIKEVLGPDATETLLQAWKEAYDFLAHLLSTKEAQVYAVLAELE
> Y32V/F46C/L56H/P49V/R51N/I53F,-0.326,MAPTLSEQTRQLVRASVPALQKHSVAISATMVRLLFERYPETRSLCELVENQFHKHASALLAYARSIDNPSALQAAIRRMVLSHARAGVQAVHYPLVWECLRDAIKEVLGPDATETLLQAWKEAYDFLAHLLSTKEAQVYAVLAELE
> Y32V/F46C/L56H/P49V/R51N/I53Y,-0.231,MAPTLSEQTRQLVRASVPALQKHSVAISATMVRLLFERYPETRSLCELVENQYHKHASALLAYARSIDNPSALQAAIRRMVLSHARAGVQAVHYPLVWECLRDAIKEVLGPDATETLLQAWKEAYDFLAHLLSTKEAQVYAVLAELE
> Y32V/F46C/L56H/P49V/R51S/I53H,-0.298,MAPTLSEQTRQLVRASVPALQKHSVAISATMVRLLFERYPETRSLCELVESQHHKHASALLAYARSIDNPSALQAAIRRMVLSHARAGVQAVHYPLVWECLRDAIKEVLGPDATETLLQAWKEAYDFLAHLLSTKEAQVYAVLAELE
> Y32V/F46C/L56H/P49V/R51S/I53R,-0.134,MAPTLSEQTRQLVRASVPALQKHSVAISATMVRLLFERYPETRSLCELVESQRHKHASALLAYARSIDNPSALQAAIRRMVLSHARAGVQAVHYPLVWECLRDAIKEVLGPDATETLLQAWKEAYDFLAHLLSTKEAQVYAVLAELE
> Y32V/F46C/L56H/P49V/R51Y/I53L,-0.556,MAPTLSEQTRQLVRASVPALQKHSVAISATMVRLLFERYPETRSLCELVEYQLHKHASALLAYARSIDNPSALQAAIRRMVLSHARAGVQAVHYPLVWECLRDAIKEVLGPDATETLLQAWKEAYDFLAHLLSTKEAQVYAVLAELE
> Y32V/F46C/L56H/P49Y/R51C/I53G,-0.297,MAPTLSEQTRQLVRASVPALQKHSVAISATMVRLLFERYPETRSLCELYECQGHKHASALLAYARSIDNPSALQAAIRRMVLSHARAGVQAVHYPLVWECLRDAIKEVLGPDATETLLQAWKEAYDFLAHLLSTKEAQVYAVLAELE
> Y32V/F46C/L56H/P49Y/R51F/I53F,-0.853,MAPTLSEQTRQLVRASVPALQKHSVAISATMVRLLFERYPETRSLCELYEFQFHKHASALLAYARSIDNPSALQAAIRRMVLSHARAGVQAVHYPLVWECLRDAIKEVLGPDATETLLQAWKEAYDFLAHLLSTKEAQVYAVLAELE
> Y32V/F46C/L56H/P49Y/R51F/I53V,-0.8959999999999999,MAPTLSEQTRQLVRASVPALQKHSVAISATMVRLLFERYPETRSLCELYEFQVHKHASALLAYARSIDNPSALQAAIRRMVLSHARAGVQAVHYPLVWECLRDAIKEVLGPDATETLLQAWKEAYDFLAHLLSTKEAQVYAVLAELE
> Y32V/F46C/L56H/P49Y/R51G/I53R,-0.095,MAPTLSEQTRQLVRASVPALQKHSVAISATMVRLLFERYPETRSLCELYEGQRHKHASALLAYARSIDNPSALQAAIRRMVLSHARAGVQAVHYPLVWECLRDAIKEVLGPDATETLLQAWKEAYDFLAHLLSTKEAQVYAVLAELE
> Y32V/F46C/L56H/P49Y/R51I/I53F,-0.87,MAPTLSEQTRQLVRASVPALQKHSVAISATMVRLLFERYPETRSLCELYEIQFHKHASALLAYARSIDNPSALQAAIRRMVLSHARAGVQAVHYPLVWECLRDAIKEVLGPDATETLLQAWKEAYDFLAHLLSTKEAQVYAVLAELE
> Y32V/F46C/L56H/P49Y/R51I/I53G,-0.586,MAPTLSEQTRQLVRASVPALQKHSVAISATMVRLLFERYPETRSLCELYEIQGHKHASALLAYARSIDNPSALQAAIRRMVLSHARAGVQAVHYPLVWECLRDAIKEVLGPDATETLLQAWKEAYDFLAHLLSTKEAQVYAVLAELE
> Y32V/F46C/L56H/P49Y/R51I/I53S,-0.784,MAPTLSEQTRQLVRASVPALQKHSVAISATMVRLLFERYPETRSLCELYEIQSHKHASALLAYARSIDNPSALQAAIRRMVLSHARAGVQAVHYPLVWECLRDAIKEVLGPDATETLLQAWKEAYDFLAHLLSTKEAQVYAVLAELE
> Y32V/F46C/L56H/P49Y/R51I/I53V,-0.8270000000000001,MAPTLSEQTRQLVRASVPALQKHSVAISATMVRLLFERYPETRSLCELYEIQVHKHASALLAYARSIDNPSALQAAIRRMVLSHARAGVQAVHYPLVWECLRDAIKEVLGPDATETLLQAWKEAYDFLAHLLSTKEAQVYAVLAELE
> Y32V/F46C/L56H/P49Y/R51L/I53S,-0.618,MAPTLSEQTRQLVRASVPALQKHSVAISATMVRLLFERYPETRSLCELYELQSHKHASALLAYARSIDNPSALQAAIRRMVLSHARAGVQAVHYPLVWECLRDAIKEVLGPDATETLLQAWKEAYDFLAHLLSTKEAQVYAVLAELE
> Y32V/F46C/L56H/P49Y/R51N/I53V,-0.532,MAPTLSEQTRQLVRASVPALQKHSVAISATMVRLLFERYPETRSLCELYENQVHKHASALLAYARSIDNPSALQAAIRRMVLSHARAGVQAVHYPLVWECLRDAIKEVLGPDATETLLQAWKEAYDFLAHLLSTKEAQVYAVLAELE
> Y32V/F46C/L56H/P49Y/R51N/I53Y,-0.408,MAPTLSEQTRQLVRASVPALQKHSVAISATMVRLLFERYPETRSLCELYENQYHKHASALLAYARSIDNPSALQAAIRRMVLSHARAGVQAVHYPLVWECLRDAIKEVLGPDATETLLQAWKEAYDFLAHLLSTKEAQVYAVLAELE
> Y32V/F46C/L56H/P49Y/R51S/I53R,-0.469,MAPTLSEQTRQLVRASVPALQKHSVAISATMVRLLFERYPETRSLCELYESQRHKHASALLAYARSIDNPSALQAAIRRMVLSHARAGVQAVHYPLVWECLRDAIKEVLGPDATETLLQAWKEAYDFLAHLLSTKEAQVYAVLAELE
> Y32V/F46C/L56H/P49Y/R51V/I53F,-0.862,MAPTLSEQTRQLVRASVPALQKHSVAISATMVRLLFERYPETRSLCELYEVQFHKHASALLAYARSIDNPSALQAAIRRMVLSHARAGVQAVHYPLVWECLRDAIKEVLGPDATETLLQAWKEAYDFLAHLLSTKEAQVYAVLAELE
> Y32V/F46C/L56H/P49Y/R51V/I53V,-0.912,MAPTLSEQTRQLVRASVPALQKHSVAISATMVRLLFERYPETRSLCELYEVQVHKHASALLAYARSIDNPSALQAAIRRMVLSHARAGVQAVHYPLVWECLRDAIKEVLGPDATETLLQAWKEAYDFLAHLLSTKEAQVYAVLAELE
> Y32V/F46C/L56H/P49Y/R51Y/I53H,-0.41700000000000004,MAPTLSEQTRQLVRASVPALQKHSVAISATMVRLLFERYPETRSLCELYEYQHHKHASALLAYARSIDNPSALQAAIRRMVLSHARAGVQAVHYPLVWECLRDAIKEVLGPDATETLLQAWKEAYDFLAHLLSTKEAQVYAVLAELE
> Y32G/F46S/L56S/V97G/P49C/R51F/I53G,0.261,MAPTLSEQTRQLVRASVPALQKHSVAISATMGRLLFERYPETRSLSELCEFQGHKSASALLAYARSIDNPSALQAAIRRMVLSHARAGVQAVHYPLGWECLRDAIKEVLGPDATETLLQAWKEAYDFLAHLLSTKEAQVYAVLAELE
> Y32G/F46S/L56S/V97G/P49C/R51F/I53T,0.18899999999999997,MAPTLSEQTRQLVRASVPALQKHSVAISATMGRLLFERYPETRSLSELCEFQTHKSASALLAYARSIDNPSALQAAIRRMVLSHARAGVQAVHYPLGWECLRDAIKEVLGPDATETLLQAWKEAYDFLAHLLSTKEAQVYAVLAELE
> Y32G/F46S/L56S/V97G/P49C/R51G/I53A,0.018000000000000002,MAPTLSEQTRQLVRASVPALQKHSVAISATMGRLLFERYPETRSLSELCEGQAHKSASALLAYARSIDNPSALQAAIRRMVLSHARAGVQAVHYPLGWECLRDAIKEVLGPDATETLLQAWKEAYDFLAHLLSTKEAQVYAVLAELE
> Y32G/F46S/L56S/V97G/P49C/R51G/I53R,0.055999999999999994,MAPTLSEQTRQLVRASVPALQKHSVAISATMGRLLFERYPETRSLSELCEGQRHKSASALLAYARSIDNPSALQAAIRRMVLSHARAGVQAVHYPLGWECLRDAIKEVLGPDATETLLQAWKEAYDFLAHLLSTKEAQVYAVLAELE
> Y32G/F46S/L56S/V97G/P49C/R51G/I53T,0.141,MAPTLSEQTRQLVRASVPALQKHSVAISATMGRLLFERYPETRSLSELCEGQTHKSASALLAYARSIDNPSALQAAIRRMVLSHARAGVQAVHYPLGWECLRDAIKEVLGPDATETLLQAWKEAYDFLAHLLSTKEAQVYAVLAELE
> Y32G/F46S/L56S/V97G/P49C/R51H/I53C,0.23600000000000002,MAPTLSEQTRQLVRASVPALQKHSVAISATMGRLLFERYPETRSLSELCEHQCHKSASALLAYARSIDNPSALQAAIRRMVLSHARAGVQAVHYPLGWECLRDAIKEVLGPDATETLLQAWKEAYDFLAHLLSTKEAQVYAVLAELE
> Y32G/F46S/L56S/V97G/P49C/R51H/I53T,-0.122,MAPTLSEQTRQLVRASVPALQKHSVAISATMGRLLFERYPETRSLSELCEHQTHKSASALLAYARSIDNPSALQAAIRRMVLSHARAGVQAVHYPLGWECLRDAIKEVLGPDATETLLQAWKEAYDFLAHLLSTKEAQVYAVLAELE
> Y32G/F46S/L56S/V97G/P49C/R51I/I53A,0.142,MAPTLSEQTRQLVRASVPALQKHSVAISATMGRLLFERYPETRSLSELCEIQAHKSASALLAYARSIDNPSALQAAIRRMVLSHARAGVQAVHYPLGWECLRDAIKEVLGPDATETLLQAWKEAYDFLAHLLSTKEAQVYAVLAELE
> Y32G/F46S/L56S/V97G/P49C/R51L/I53L,-0.049,MAPTLSEQTRQLVRASVPALQKHSVAISATMGRLLFERYPETRSLSELCELQLHKSASALLAYARSIDNPSALQAAIRRMVLSHARAGVQAVHYPLGWECLRDAIKEVLGPDATETLLQAWKEAYDFLAHLLSTKEAQVYAVLAELE
> Y32G/F46S/L56S/V97G/P49C/R51N/I53D,0.163,MAPTLSEQTRQLVRASVPALQKHSVAISATMGRLLFERYPETRSLSELCENQDHKSASALLAYARSIDNPSALQAAIRRMVLSHARAGVQAVHYPLGWECLRDAIKEVLGPDATETLLQAWKEAYDFLAHLLSTKEAQVYAVLAELE
> Y32G/F46S/L56S/V97G/P49C/R51N/I53F,-0.257,MAPTLSEQTRQLVRASVPALQKHSVAISATMGRLLFERYPETRSLSELCENQFHKSASALLAYARSIDNPSALQAAIRRMVLSHARAGVQAVHYPLGWECLRDAIKEVLGPDATETLLQAWKEAYDFLAHLLSTKEAQVYAVLAELE
> Y32G/F46S/L56S/V97G/P49C/R51S/I53A,0.062,MAPTLSEQTRQLVRASVPALQKHSVAISATMGRLLFERYPETRSLSELCESQAHKSASALLAYARSIDNPSALQAAIRRMVLSHARAGVQAVHYPLGWECLRDAIKEVLGPDATETLLQAWKEAYDFLAHLLSTKEAQVYAVLAELE
> Y32G/F46S/L56S/V97G/P49C/R51V/I53G,0.21,MAPTLSEQTRQLVRASVPALQKHSVAISATMGRLLFERYPETRSLSELCEVQGHKSASALLAYARSIDNPSALQAAIRRMVLSHARAGVQAVHYPLGWECLRDAIKEVLGPDATETLLQAWKEAYDFLAHLLSTKEAQVYAVLAELE
> Y32G/F46S/L56S/V97G/P49C/R51V/I53N,0.524,MAPTLSEQTRQLVRASVPALQKHSVAISATMGRLLFERYPETRSLSELCEVQNHKSASALLAYARSIDNPSALQAAIRRMVLSHARAGVQAVHYPLGWECLRDAIKEVLGPDATETLLQAWKEAYDFLAHLLSTKEAQVYAVLAELE
> Y32G/F46S/L56S/V97G/P49C/R51V/I53R,0.141,MAPTLSEQTRQLVRASVPALQKHSVAISATMGRLLFERYPETRSLSELCEVQRHKSASALLAYARSIDNPSALQAAIRRMVLSHARAGVQAVHYPLGWECLRDAIKEVLGPDATETLLQAWKEAYDFLAHLLSTKEAQVYAVLAELE
> Y32G/F46S/L56S/V97G/P49C/R51V/I53T,0.16699999999999998,MAPTLSEQTRQLVRASVPALQKHSVAISATMGRLLFERYPETRSLSELCEVQTHKSASALLAYARSIDNPSALQAAIRRMVLSHARAGVQAVHYPLGWECLRDAIKEVLGPDATETLLQAWKEAYDFLAHLLSTKEAQVYAVLAELE
> Y32G/F46S/L56S/V97G/P49C/R51Y/I53A,0.19899999999999998,MAPTLSEQTRQLVRASVPALQKHSVAISATMGRLLFERYPETRSLSELCEYQAHKSASALLAYARSIDNPSALQAAIRRMVLSHARAGVQAVHYPLGWECLRDAIKEVLGPDATETLLQAWKEAYDFLAHLLSTKEAQVYAVLAELE
> Y32G/F46S/L56S/V97G/P49C/R51Y/I53L,0.005,MAPTLSEQTRQLVRASVPALQKHSVAISATMGRLLFERYPETRSLSELCEYQLHKSASALLAYARSIDNPSALQAAIRRMVLSHARAGVQAVHYPLGWECLRDAIKEVLGPDATETLLQAWKEAYDFLAHLLSTKEAQVYAVLAELE
> Y32G/F46S/L56S/V97G/P49C/R51Y/I53T,0.16,MAPTLSEQTRQLVRASVPALQKHSVAISATMGRLLFERYPETRSLSELCEYQTHKSASALLAYARSIDNPSALQAAIRRMVLSHARAGVQAVHYPLGWECLRDAIKEVLGPDATETLLQAWKEAYDFLAHLLSTKEAQVYAVLAELE
> Y32G/F46S/L56S/V97G/P49D/R51F/I53G,0.386,MAPTLSEQTRQLVRASVPALQKHSVAISATMGRLLFERYPETRSLSELDEFQGHKSASALLAYARSIDNPSALQAAIRRMVLSHARAGVQAVHYPLGWECLRDAIKEVLGPDATETLLQAWKEAYDFLAHLLSTKEAQVYAVLAELE
> Y32G/F46S/L56S/V97G/P49D/R51G/I53C,0.1,MAPTLSEQTRQLVRASVPALQKHSVAISATMGRLLFERYPETRSLSELDEGQCHKSASALLAYARSIDNPSALQAAIRRMVLSHARAGVQAVHYPLGWECLRDAIKEVLGPDATETLLQAWKEAYDFLAHLLSTKEAQVYAVLAELE
> Y32G/F46S/L56S/V97G/P49D/R51G/I53R,0.203,MAPTLSEQTRQLVRASVPALQKHSVAISATMGRLLFERYPETRSLSELDEGQRHKSASALLAYARSIDNPSALQAAIRRMVLSHARAGVQAVHYPLGWECLRDAIKEVLGPDATETLLQAWKEAYDFLAHLLSTKEAQVYAVLAELE
> Y32G/F46S/L56S/V97G/P49F/R51C/I53F,0.26899999999999996,MAPTLSEQTRQLVRASVPALQKHSVAISATMGRLLFERYPETRSLSELFECQFHKSASALLAYARSIDNPSALQAAIRRMVLSHARAGVQAVHYPLGWECLRDAIKEVLGPDATETLLQAWKEAYDFLAHLLSTKEAQVYAVLAELE
> Y32G/F46S/L56S/V97G/P49F/R51D/I53D,0.26,MAPTLSEQTRQLVRASVPALQKHSVAISATMGRLLFERYPETRSLSELFEDQDHKSASALLAYARSIDNPSALQAAIRRMVLSHARAGVQAVHYPLGWECLRDAIKEVLGPDATETLLQAWKEAYDFLAHLLSTKEAQVYAVLAELE
> Y32G/F46S/L56S/V97G/P49F/R51D/I53L,0.233,MAPTLSEQTRQLVRASVPALQKHSVAISATMGRLLFERYPETRSLSELFEDQLHKSASALLAYARSIDNPSALQAAIRRMVLSHARAGVQAVHYPLGWECLRDAIKEVLGPDATETLLQAWKEAYDFLAHLLSTKEAQVYAVLAELE
> Y32G/F46S/L56S/V97G/P49F/R51D/I53R,0.253,MAPTLSEQTRQLVRASVPALQKHSVAISATMGRLLFERYPETRSLSELFEDQRHKSASALLAYARSIDNPSALQAAIRRMVLSHARAGVQAVHYPLGWECLRDAIKEVLGPDATETLLQAWKEAYDFLAHLLSTKEAQVYAVLAELE
> Y32G/F46S/L56S/V97G/P49F/R51F/I53G,0.39299999999999996,MAPTLSEQTRQLVRASVPALQKHSVAISATMGRLLFERYPETRSLSELFEFQGHKSASALLAYARSIDNPSALQAAIRRMVLSHARAGVQAVHYPLGWECLRDAIKEVLGPDATETLLQAWKEAYDFLAHLLSTKEAQVYAVLAELE
> Y32G/F46S/L56S/V97G/P49F/R51F/I53R,0.20800000000000002,MAPTLSEQTRQLVRASVPALQKHSVAISATMGRLLFERYPETRSLSELFEFQRHKSASALLAYARSIDNPSALQAAIRRMVLSHARAGVQAVHYPLGWECLRDAIKEVLGPDATETLLQAWKEAYDFLAHLLSTKEAQVYAVLAELE
> Y32G/F46S/L56S/V97G/P49F/R51F/I53S,0.192,MAPTLSEQTRQLVRASVPALQKHSVAISATMGRLLFERYPETRSLSELFEFQSHKSASALLAYARSIDNPSALQAAIRRMVLSHARAGVQAVHYPLGWECLRDAIKEVLGPDATETLLQAWKEAYDFLAHLLSTKEAQVYAVLAELE
> Y32G/F46S/L56S/V97G/P49F/R51H/I53G,0.302,MAPTLSEQTRQLVRASVPALQKHSVAISATMGRLLFERYPETRSLSELFEHQGHKSASALLAYARSIDNPSALQAAIRRMVLSHARAGVQAVHYPLGWECLRDAIKEVLGPDATETLLQAWKEAYDFLAHLLSTKEAQVYAVLAELE
> Y32G/F46S/L56S/V97G/P49F/R51I/I53S,0.359,MAPTLSEQTRQLVRASVPALQKHSVAISATMGRLLFERYPETRSLSELFEIQSHKSASALLAYARSIDNPSALQAAIRRMVLSHARAGVQAVHYPLGWECLRDAIKEVLGPDATETLLQAWKEAYDFLAHLLSTKEAQVYAVLAELE
> Y32G/F46S/L56S/V97G/P49F/R51L/I53C,0.166,MAPTLSEQTRQLVRASVPALQKHSVAISATMGRLLFERYPETRSLSELFELQCHKSASALLAYARSIDNPSALQAAIRRMVLSHARAGVQAVHYPLGWECLRDAIKEVLGPDATETLLQAWKEAYDFLAHLLSTKEAQVYAVLAELE
> Y32G/F46S/L56S/V97G/P49F/R51N/I53C,0.255,MAPTLSEQTRQLVRASVPALQKHSVAISATMGRLLFERYPETRSLSELFENQCHKSASALLAYARSIDNPSALQAAIRRMVLSHARAGVQAVHYPLGWECLRDAIKEVLGPDATETLLQAWKEAYDFLAHLLSTKEAQVYAVLAELE
> Y32G/F46S/L56S/V97G/P49F/R51S/I53G,0.284,MAPTLSEQTRQLVRASVPALQKHSVAISATMGRLLFERYPETRSLSELFESQGHKSASALLAYARSIDNPSALQAAIRRMVLSHARAGVQAVHYPLGWECLRDAIKEVLGPDATETLLQAWKEAYDFLAHLLSTKEAQVYAVLAELE
> Y32G/F46S/L56S/V97G/P49G/R51C/I53G,-0.163,MAPTLSEQTRQLVRASVPALQKHSVAISATMGRLLFERYPETRSLSELGECQGHKSASALLAYARSIDNPSALQAAIRRMVLSHARAGVQAVHYPLGWECLRDAIKEVLGPDATETLLQAWKEAYDFLAHLLSTKEAQVYAVLAELE
> Y32G/F46S/L56S/V97G/P49G/R51D/I53H,0.042,MAPTLSEQTRQLVRASVPALQKHSVAISATMGRLLFERYPETRSLSELGEDQHHKSASALLAYARSIDNPSALQAAIRRMVLSHARAGVQAVHYPLGWECLRDAIKEVLGPDATETLLQAWKEAYDFLAHLLSTKEAQVYAVLAELE
> Y32G/F46S/L56S/V97G/P49G/R51D/I53N,-0.086,MAPTLSEQTRQLVRASVPALQKHSVAISATMGRLLFERYPETRSLSELGEDQNHKSASALLAYARSIDNPSALQAAIRRMVLSHARAGVQAVHYPLGWECLRDAIKEVLGPDATETLLQAWKEAYDFLAHLLSTKEAQVYAVLAELE
> Y32G/F46S/L56S/V97G/P49G/R51S/I53C,0.16699999999999998,MAPTLSEQTRQLVRASVPALQKHSVAISATMGRLLFERYPETRSLSELGESQCHKSASALLAYARSIDNPSALQAAIRRMVLSHARAGVQAVHYPLGWECLRDAIKEVLGPDATETLLQAWKEAYDFLAHLLSTKEAQVYAVLAELE
> Y32G/F46S/L56S/V97G/P49G/R51V/I53G,0.318,MAPTLSEQTRQLVRASVPALQKHSVAISATMGRLLFERYPETRSLSELGEVQGHKSASALLAYARSIDNPSALQAAIRRMVLSHARAGVQAVHYPLGWECLRDAIKEVLGPDATETLLQAWKEAYDFLAHLLSTKEAQVYAVLAELE
> Y32G/F46S/L56S/V97G/P49H/R51C/I53H,0.106,MAPTLSEQTRQLVRASVPALQKHSVAISATMGRLLFERYPETRSLSELHECQHHKSASALLAYARSIDNPSALQAAIRRMVLSHARAGVQAVHYPLGWECLRDAIKEVLGPDATETLLQAWKEAYDFLAHLLSTKEAQVYAVLAELE
> Y32G/F46S/L56S/V97G/P49H/R51C/I53S,0.209,MAPTLSEQTRQLVRASVPALQKHSVAISATMGRLLFERYPETRSLSELHECQSHKSASALLAYARSIDNPSALQAAIRRMVLSHARAGVQAVHYPLGWECLRDAIKEVLGPDATETLLQAWKEAYDFLAHLLSTKEAQVYAVLAELE
> Y32G/F46S/L56S/V97G/P49H/R51D/I53G,0.261,MAPTLSEQTRQLVRASVPALQKHSVAISATMGRLLFERYPETRSLSELHEDQGHKSASALLAYARSIDNPSALQAAIRRMVLSHARAGVQAVHYPLGWECLRDAIKEVLGPDATETLLQAWKEAYDFLAHLLSTKEAQVYAVLAELE
> Y32G/F46S/L56S/V97G/P49H/R51D/I53L,0.342,MAPTLSEQTRQLVRASVPALQKHSVAISATMGRLLFERYPETRSLSELHEDQLHKSASALLAYARSIDNPSALQAAIRRMVLSHARAGVQAVHYPLGWECLRDAIKEVLGPDATETLLQAWKEAYDFLAHLLSTKEAQVYAVLAELE
> Y32G/F46S/L56S/V97G/P49H/R51D/I53Y,-0.016,MAPTLSEQTRQLVRASVPALQKHSVAISATMGRLLFERYPETRSLSELHEDQYHKSASALLAYARSIDNPSALQAAIRRMVLSHARAGVQAVHYPLGWECLRDAIKEVLGPDATETLLQAWKEAYDFLAHLLSTKEAQVYAVLAELE
> Y32G/F46S/L56S/V97G/P49H/R51F/I53D,0.33,MAPTLSEQTRQLVRASVPALQKHSVAISATMGRLLFERYPETRSLSELHEFQDHKSASALLAYARSIDNPSALQAAIRRMVLSHARAGVQAVHYPLGWECLRDAIKEVLGPDATETLLQAWKEAYDFLAHLLSTKEAQVYAVLAELE
> Y32G/F46S/L56S/V97G/P49H/R51F/I53N,0.23800000000000002,MAPTLSEQTRQLVRASVPALQKHSVAISATMGRLLFERYPETRSLSELHEFQNHKSASALLAYARSIDNPSALQAAIRRMVLSHARAGVQAVHYPLGWECLRDAIKEVLGPDATETLLQAWKEAYDFLAHLLSTKEAQVYAVLAELE
> Y32G/F46S/L56S/V97G/P49H/R51G/I53G,0.156,MAPTLSEQTRQLVRASVPALQKHSVAISATMGRLLFERYPETRSLSELHEGQGHKSASALLAYARSIDNPSALQAAIRRMVLSHARAGVQAVHYPLGWECLRDAIKEVLGPDATETLLQAWKEAYDFLAHLLSTKEAQVYAVLAELE
> Y32G/F46S/L56S/V97G/P49H/R51G/I53S,0.08,MAPTLSEQTRQLVRASVPALQKHSVAISATMGRLLFERYPETRSLSELHEGQSHKSASALLAYARSIDNPSALQAAIRRMVLSHARAGVQAVHYPLGWECLRDAIKEVLGPDATETLLQAWKEAYDFLAHLLSTKEAQVYAVLAELE
> Y32G/F46S/L56S/V97G/P49H/R51H/I53F,0.19399999999999998,MAPTLSEQTRQLVRASVPALQKHSVAISATMGRLLFERYPETRSLSELHEHQFHKSASALLAYARSIDNPSALQAAIRRMVLSHARAGVQAVHYPLGWECLRDAIKEVLGPDATETLLQAWKEAYDFLAHLLSTKEAQVYAVLAELE
> Y32G/F46S/L56S/V97G/P49H/R51H/I53G,0.207,MAPTLSEQTRQLVRASVPALQKHSVAISATMGRLLFERYPETRSLSELHEHQGHKSASALLAYARSIDNPSALQAAIRRMVLSHARAGVQAVHYPLGWECLRDAIKEVLGPDATETLLQAWKEAYDFLAHLLSTKEAQVYAVLAELE
> Y32G/F46S/L56S/V97G/P49H/R51H/I53L,0.23399999999999999,MAPTLSEQTRQLVRASVPALQKHSVAISATMGRLLFERYPETRSLSELHEHQLHKSASALLAYARSIDNPSALQAAIRRMVLSHARAGVQAVHYPLGWECLRDAIKEVLGPDATETLLQAWKEAYDFLAHLLSTKEAQVYAVLAELE
> Y32G/F46S/L56S/V97G/P49H/R51I/I53F,0.10800000000000001,MAPTLSEQTRQLVRASVPALQKHSVAISATMGRLLFERYPETRSLSELHEIQFHKSASALLAYARSIDNPSALQAAIRRMVLSHARAGVQAVHYPLGWECLRDAIKEVLGPDATETLLQAWKEAYDFLAHLLSTKEAQVYAVLAELE
> Y32G/F46S/L56S/V97G/P49H/R51I/I53L,0.275,MAPTLSEQTRQLVRASVPALQKHSVAISATMGRLLFERYPETRSLSELHEIQLHKSASALLAYARSIDNPSALQAAIRRMVLSHARAGVQAVHYPLGWECLRDAIKEVLGPDATETLLQAWKEAYDFLAHLLSTKEAQVYAVLAELE
> Y32G/F46S/L56S/V97G/P49H/R51L/I53D,0.18600000000000003,MAPTLSEQTRQLVRASVPALQKHSVAISATMGRLLFERYPETRSLSELHELQDHKSASALLAYARSIDNPSALQAAIRRMVLSHARAGVQAVHYPLGWECLRDAIKEVLGPDATETLLQAWKEAYDFLAHLLSTKEAQVYAVLAELE
> Y32G/F46S/L56S/V97G/P49H/R51L/I53G,0.23399999999999999,MAPTLSEQTRQLVRASVPALQKHSVAISATMGRLLFERYPETRSLSELHELQGHKSASALLAYARSIDNPSALQAAIRRMVLSHARAGVQAVHYPLGWECLRDAIKEVLGPDATETLLQAWKEAYDFLAHLLSTKEAQVYAVLAELE
> Y32G/F46S/L56S/V97G/P49H/R51L/I53S,0.124,MAPTLSEQTRQLVRASVPALQKHSVAISATMGRLLFERYPETRSLSELHELQSHKSASALLAYARSIDNPSALQAAIRRMVLSHARAGVQAVHYPLGWECLRDAIKEVLGPDATETLLQAWKEAYDFLAHLLSTKEAQVYAVLAELE
> Y32G/F46S/L56S/V97G/P49H/R51N/I53L,0.331,MAPTLSEQTRQLVRASVPALQKHSVAISATMGRLLFERYPETRSLSELHENQLHKSASALLAYARSIDNPSALQAAIRRMVLSHARAGVQAVHYPLGWECLRDAIKEVLGPDATETLLQAWKEAYDFLAHLLSTKEAQVYAVLAELE
> Y32G/F46S/L56S/V97G/P49H/R51V/I53N,0.052000000000000005,MAPTLSEQTRQLVRASVPALQKHSVAISATMGRLLFERYPETRSLSELHEVQNHKSASALLAYARSIDNPSALQAAIRRMVLSHARAGVQAVHYPLGWECLRDAIKEVLGPDATETLLQAWKEAYDFLAHLLSTKEAQVYAVLAELE
> Y32G/F46S/L56S/V97G/P49I/R51C/I53F,0.265,MAPTLSEQTRQLVRASVPALQKHSVAISATMGRLLFERYPETRSLSELIECQFHKSASALLAYARSIDNPSALQAAIRRMVLSHARAGVQAVHYPLGWECLRDAIKEVLGPDATETLLQAWKEAYDFLAHLLSTKEAQVYAVLAELE
> Y32G/F46S/L56S/V97G/P49I/R51F/I53D,0.24100000000000002,MAPTLSEQTRQLVRASVPALQKHSVAISATMGRLLFERYPETRSLSELIEFQDHKSASALLAYARSIDNPSALQAAIRRMVLSHARAGVQAVHYPLGWECLRDAIKEVLGPDATETLLQAWKEAYDFLAHLLSTKEAQVYAVLAELE
> Y32G/F46S/L56S/V97G/P49I/R51G/I53C,0.22399999999999998,MAPTLSEQTRQLVRASVPALQKHSVAISATMGRLLFERYPETRSLSELIEGQCHKSASALLAYARSIDNPSALQAAIRRMVLSHARAGVQAVHYPLGWECLRDAIKEVLGPDATETLLQAWKEAYDFLAHLLSTKEAQVYAVLAELE
> Y32G/F46S/L56S/V97G/P49I/R51G/I53F,0.209,MAPTLSEQTRQLVRASVPALQKHSVAISATMGRLLFERYPETRSLSELIEGQFHKSASALLAYARSIDNPSALQAAIRRMVLSHARAGVQAVHYPLGWECLRDAIKEVLGPDATETLLQAWKEAYDFLAHLLSTKEAQVYAVLAELE
> Y32G/F46S/L56S/V97G/P49I/R51L/I53D,0.239,MAPTLSEQTRQLVRASVPALQKHSVAISATMGRLLFERYPETRSLSELIELQDHKSASALLAYARSIDNPSALQAAIRRMVLSHARAGVQAVHYPLGWECLRDAIKEVLGPDATETLLQAWKEAYDFLAHLLSTKEAQVYAVLAELE
> Y32G/F46S/L56S/V97G/P49I/R51N/I53D,0.18100000000000002,MAPTLSEQTRQLVRASVPALQKHSVAISATMGRLLFERYPETRSLSELIENQDHKSASALLAYARSIDNPSALQAAIRRMVLSHARAGVQAVHYPLGWECLRDAIKEVLGPDATETLLQAWKEAYDFLAHLLSTKEAQVYAVLAELE
> Y32G/F46S/L56S/V97G/P49I/R51N/I53N,0.18,MAPTLSEQTRQLVRASVPALQKHSVAISATMGRLLFERYPETRSLSELIENQNHKSASALLAYARSIDNPSALQAAIRRMVLSHARAGVQAVHYPLGWECLRDAIKEVLGPDATETLLQAWKEAYDFLAHLLSTKEAQVYAVLAELE
> Y32G/F46S/L56S/V97G/P49I/R51N/I53Y,0.22,MAPTLSEQTRQLVRASVPALQKHSVAISATMGRLLFERYPETRSLSELIENQYHKSASALLAYARSIDNPSALQAAIRRMVLSHARAGVQAVHYPLGWECLRDAIKEVLGPDATETLLQAWKEAYDFLAHLLSTKEAQVYAVLAELE
> Y32G/F46S/L56S/V97G/P49I/R51S/I53L,0.196,MAPTLSEQTRQLVRASVPALQKHSVAISATMGRLLFERYPETRSLSELIESQLHKSASALLAYARSIDNPSALQAAIRRMVLSHARAGVQAVHYPLGWECLRDAIKEVLGPDATETLLQAWKEAYDFLAHLLSTKEAQVYAVLAELE
> Y32G/F46S/L56S/V97G/P49I/R51S/I53S,0.243,MAPTLSEQTRQLVRASVPALQKHSVAISATMGRLLFERYPETRSLSELIESQSHKSASALLAYARSIDNPSALQAAIRRMVLSHARAGVQAVHYPLGWECLRDAIKEVLGPDATETLLQAWKEAYDFLAHLLSTKEAQVYAVLAELE
> Y32G/F46S/L56S/V97G/P49I/R51S/I53Y,0.17300000000000001,MAPTLSEQTRQLVRASVPALQKHSVAISATMGRLLFERYPETRSLSELIESQYHKSASALLAYARSIDNPSALQAAIRRMVLSHARAGVQAVHYPLGWECLRDAIKEVLGPDATETLLQAWKEAYDFLAHLLSTKEAQVYAVLAELE
> Y32G/F46S/L56S/V97G/P49I/R51V/I53G,0.19699999999999998,MAPTLSEQTRQLVRASVPALQKHSVAISATMGRLLFERYPETRSLSELIEVQGHKSASALLAYARSIDNPSALQAAIRRMVLSHARAGVQAVHYPLGWECLRDAIKEVLGPDATETLLQAWKEAYDFLAHLLSTKEAQVYAVLAELE
> Y32G/F46S/L56S/V97G/P49I/R51V/I53S,0.302,MAPTLSEQTRQLVRASVPALQKHSVAISATMGRLLFERYPETRSLSELIEVQSHKSASALLAYARSIDNPSALQAAIRRMVLSHARAGVQAVHYPLGWECLRDAIKEVLGPDATETLLQAWKEAYDFLAHLLSTKEAQVYAVLAELE
> Y32G/F46S/L56S/V97G/P49I/R51Y/I53G,0.322,MAPTLSEQTRQLVRASVPALQKHSVAISATMGRLLFERYPETRSLSELIEYQGHKSASALLAYARSIDNPSALQAAIRRMVLSHARAGVQAVHYPLGWECLRDAIKEVLGPDATETLLQAWKEAYDFLAHLLSTKEAQVYAVLAELE
> Y32G/F46S/L56S/V97G/P49I/R51Y/I53N,0.165,MAPTLSEQTRQLVRASVPALQKHSVAISATMGRLLFERYPETRSLSELIEYQNHKSASALLAYARSIDNPSALQAAIRRMVLSHARAGVQAVHYPLGWECLRDAIKEVLGPDATETLLQAWKEAYDFLAHLLSTKEAQVYAVLAELE
> Y32G/F46S/L56S/V97G/P49L/R51D/I53H,0.10300000000000001,MAPTLSEQTRQLVRASVPALQKHSVAISATMGRLLFERYPETRSLSELLEDQHHKSASALLAYARSIDNPSALQAAIRRMVLSHARAGVQAVHYPLGWECLRDAIKEVLGPDATETLLQAWKEAYDFLAHLLSTKEAQVYAVLAELE
> Y32G/F46S/L56S/V97G/P49L/R51D/I53L,0.115,MAPTLSEQTRQLVRASVPALQKHSVAISATMGRLLFERYPETRSLSELLEDQLHKSASALLAYARSIDNPSALQAAIRRMVLSHARAGVQAVHYPLGWECLRDAIKEVLGPDATETLLQAWKEAYDFLAHLLSTKEAQVYAVLAELE
> Y32G/F46S/L56S/V97G/P49L/R51D/I53R,0.268,MAPTLSEQTRQLVRASVPALQKHSVAISATMGRLLFERYPETRSLSELLEDQRHKSASALLAYARSIDNPSALQAAIRRMVLSHARAGVQAVHYPLGWECLRDAIKEVLGPDATETLLQAWKEAYDFLAHLLSTKEAQVYAVLAELE
> Y32G/F46S/L56S/V97G/P49L/R51F/I53C,0.275,MAPTLSEQTRQLVRASVPALQKHSVAISATMGRLLFERYPETRSLSELLEFQCHKSASALLAYARSIDNPSALQAAIRRMVLSHARAGVQAVHYPLGWECLRDAIKEVLGPDATETLLQAWKEAYDFLAHLLSTKEAQVYAVLAELE
> Y32G/F46S/L56S/V97G/P49L/R51G/I53C,0.19699999999999998,MAPTLSEQTRQLVRASVPALQKHSVAISATMGRLLFERYPETRSLSELLEGQCHKSASALLAYARSIDNPSALQAAIRRMVLSHARAGVQAVHYPLGWECLRDAIKEVLGPDATETLLQAWKEAYDFLAHLLSTKEAQVYAVLAELE
> Y32G/F46S/L56S/V97G/P49L/R51G/I53N,0.092,MAPTLSEQTRQLVRASVPALQKHSVAISATMGRLLFERYPETRSLSELLEGQNHKSASALLAYARSIDNPSALQAAIRRMVLSHARAGVQAVHYPLGWECLRDAIKEVLGPDATETLLQAWKEAYDFLAHLLSTKEAQVYAVLAELE
> Y32G/F46S/L56S/V97G/P49L/R51G/I53V,0.23600000000000002,MAPTLSEQTRQLVRASVPALQKHSVAISATMGRLLFERYPETRSLSELLEGQVHKSASALLAYARSIDNPSALQAAIRRMVLSHARAGVQAVHYPLGWECLRDAIKEVLGPDATETLLQAWKEAYDFLAHLLSTKEAQVYAVLAELE
> Y32G/F46S/L56S/V97G/P49L/R51H/I53N,0.16399999999999998,MAPTLSEQTRQLVRASVPALQKHSVAISATMGRLLFERYPETRSLSELLEHQNHKSASALLAYARSIDNPSALQAAIRRMVLSHARAGVQAVHYPLGWECLRDAIKEVLGPDATETLLQAWKEAYDFLAHLLSTKEAQVYAVLAELE
> Y32G/F46S/L56S/V97G/P49L/R51L/I53D,0.14400000000000002,MAPTLSEQTRQLVRASVPALQKHSVAISATMGRLLFERYPETRSLSELLELQDHKSASALLAYARSIDNPSALQAAIRRMVLSHARAGVQAVHYPLGWECLRDAIKEVLGPDATETLLQAWKEAYDFLAHLLSTKEAQVYAVLAELE
> Y32G/F46S/L56S/V97G/P49L/R51L/I53R,0.295,MAPTLSEQTRQLVRASVPALQKHSVAISATMGRLLFERYPETRSLSELLELQRHKSASALLAYARSIDNPSALQAAIRRMVLSHARAGVQAVHYPLGWECLRDAIKEVLGPDATETLLQAWKEAYDFLAHLLSTKEAQVYAVLAELE
> Y32G/F46S/L56S/V97G/P49L/R51S/I53F,0.222,MAPTLSEQTRQLVRASVPALQKHSVAISATMGRLLFERYPETRSLSELLESQFHKSASALLAYARSIDNPSALQAAIRRMVLSHARAGVQAVHYPLGWECLRDAIKEVLGPDATETLLQAWKEAYDFLAHLLSTKEAQVYAVLAELE
> Y32G/F46S/L56S/V97G/P49L/R51V/I53C,0.221,MAPTLSEQTRQLVRASVPALQKHSVAISATMGRLLFERYPETRSLSELLEVQCHKSASALLAYARSIDNPSALQAAIRRMVLSHARAGVQAVHYPLGWECLRDAIKEVLGPDATETLLQAWKEAYDFLAHLLSTKEAQVYAVLAELE
> Y32G/F46S/L56S/V97G/P49N/R51C/I53N,-0.01,MAPTLSEQTRQLVRASVPALQKHSVAISATMGRLLFERYPETRSLSELNECQNHKSASALLAYARSIDNPSALQAAIRRMVLSHARAGVQAVHYPLGWECLRDAIKEVLGPDATETLLQAWKEAYDFLAHLLSTKEAQVYAVLAELE
> Y32G/F46S/L56S/V97G/P49N/R51D/I53D,0.035,MAPTLSEQTRQLVRASVPALQKHSVAISATMGRLLFERYPETRSLSELNEDQDHKSASALLAYARSIDNPSALQAAIRRMVLSHARAGVQAVHYPLGWECLRDAIKEVLGPDATETLLQAWKEAYDFLAHLLSTKEAQVYAVLAELE
> Y32G/F46S/L56S/V97G/P49N/R51D/I53H,-0.065,MAPTLSEQTRQLVRASVPALQKHSVAISATMGRLLFERYPETRSLSELNEDQHHKSASALLAYARSIDNPSALQAAIRRMVLSHARAGVQAVHYPLGWECLRDAIKEVLGPDATETLLQAWKEAYDFLAHLLSTKEAQVYAVLAELE
> Y32G/F46S/L56S/V97G/P49N/R51F/I53R,0.25,MAPTLSEQTRQLVRASVPALQKHSVAISATMGRLLFERYPETRSLSELNEFQRHKSASALLAYARSIDNPSALQAAIRRMVLSHARAGVQAVHYPLGWECLRDAIKEVLGPDATETLLQAWKEAYDFLAHLLSTKEAQVYAVLAELE
> Y32G/F46S/L56S/V97G/P49N/R51G/I53H,0.009000000000000001,MAPTLSEQTRQLVRASVPALQKHSVAISATMGRLLFERYPETRSLSELNEGQHHKSASALLAYARSIDNPSALQAAIRRMVLSHARAGVQAVHYPLGWECLRDAIKEVLGPDATETLLQAWKEAYDFLAHLLSTKEAQVYAVLAELE
> Y32G/F46S/L56S/V97G/P49N/R51G/I53L,0.217,MAPTLSEQTRQLVRASVPALQKHSVAISATMGRLLFERYPETRSLSELNEGQLHKSASALLAYARSIDNPSALQAAIRRMVLSHARAGVQAVHYPLGWECLRDAIKEVLGPDATETLLQAWKEAYDFLAHLLSTKEAQVYAVLAELE
> Y32G/F46S/L56S/V97G/P49N/R51G/I53V,-0.467,MAPTLSEQTRQLVRASVPALQKHSVAISATMGRLLFERYPETRSLSELNEGQVHKSASALLAYARSIDNPSALQAAIRRMVLSHARAGVQAVHYPLGWECLRDAIKEVLGPDATETLLQAWKEAYDFLAHLLSTKEAQVYAVLAELE
> Y32G/F46S/L56S/V97G/P49N/R51H/I53L,-0.022000000000000002,MAPTLSEQTRQLVRASVPALQKHSVAISATMGRLLFERYPETRSLSELNEHQLHKSASALLAYARSIDNPSALQAAIRRMVLSHARAGVQAVHYPLGWECLRDAIKEVLGPDATETLLQAWKEAYDFLAHLLSTKEAQVYAVLAELE
> Y32G/F46S/L56S/V97G/P49N/R51H/I53V,-0.449,MAPTLSEQTRQLVRASVPALQKHSVAISATMGRLLFERYPETRSLSELNEHQVHKSASALLAYARSIDNPSALQAAIRRMVLSHARAGVQAVHYPLGWECLRDAIKEVLGPDATETLLQAWKEAYDFLAHLLSTKEAQVYAVLAELE
> Y32G/F46S/L56S/V97G/P49N/R51N/I53G,0.22899999999999998,MAPTLSEQTRQLVRASVPALQKHSVAISATMGRLLFERYPETRSLSELNENQGHKSASALLAYARSIDNPSALQAAIRRMVLSHARAGVQAVHYPLGWECLRDAIKEVLGPDATETLLQAWKEAYDFLAHLLSTKEAQVYAVLAELE
> Y32G/F46S/L56S/V97G/P49N/R51N/I53L,0.309,MAPTLSEQTRQLVRASVPALQKHSVAISATMGRLLFERYPETRSLSELNENQLHKSASALLAYARSIDNPSALQAAIRRMVLSHARAGVQAVHYPLGWECLRDAIKEVLGPDATETLLQAWKEAYDFLAHLLSTKEAQVYAVLAELE
> Y32G/F46S/L56S/V97G/P49N/R51S/I53L,0.157,MAPTLSEQTRQLVRASVPALQKHSVAISATMGRLLFERYPETRSLSELNESQLHKSASALLAYARSIDNPSALQAAIRRMVLSHARAGVQAVHYPLGWECLRDAIKEVLGPDATETLLQAWKEAYDFLAHLLSTKEAQVYAVLAELE
> Y32G/F46S/L56S/V97G/P49N/R51S/I53N,-0.282,MAPTLSEQTRQLVRASVPALQKHSVAISATMGRLLFERYPETRSLSELNESQNHKSASALLAYARSIDNPSALQAAIRRMVLSHARAGVQAVHYPLGWECLRDAIKEVLGPDATETLLQAWKEAYDFLAHLLSTKEAQVYAVLAELE
> Y32G/F46S/L56S/V97G/P49N/R51S/I53Y,-0.529,MAPTLSEQTRQLVRASVPALQKHSVAISATMGRLLFERYPETRSLSELNESQYHKSASALLAYARSIDNPSALQAAIRRMVLSHARAGVQAVHYPLGWECLRDAIKEVLGPDATETLLQAWKEAYDFLAHLLSTKEAQVYAVLAELE
> Y32G/F46S/L56S/V97G/P49N/R51V/I53H,-0.1,MAPTLSEQTRQLVRASVPALQKHSVAISATMGRLLFERYPETRSLSELNEVQHHKSASALLAYARSIDNPSALQAAIRRMVLSHARAGVQAVHYPLGWECLRDAIKEVLGPDATETLLQAWKEAYDFLAHLLSTKEAQVYAVLAELE
> Y32G/F46S/L56S/V97G/P49N/R51Y/I53D,0.125,MAPTLSEQTRQLVRASVPALQKHSVAISATMGRLLFERYPETRSLSELNEYQDHKSASALLAYARSIDNPSALQAAIRRMVLSHARAGVQAVHYPLGWECLRDAIKEVLGPDATETLLQAWKEAYDFLAHLLSTKEAQVYAVLAELE
> Y32G/F46S/L56S/V97G/P49P/R51C/I53F,0.606,MAPTLSEQTRQLVRASVPALQKHSVAISATMGRLLFERYPETRSLSELPECQFHKSASALLAYARSIDNPSALQAAIRRMVLSHARAGVQAVHYPLGWECLRDAIKEVLGPDATETLLQAWKEAYDFLAHLLSTKEAQVYAVLAELE
> Y32G/F46S/L56S/V97G/P49P/R51C/I53G,0.203,MAPTLSEQTRQLVRASVPALQKHSVAISATMGRLLFERYPETRSLSELPECQGHKSASALLAYARSIDNPSALQAAIRRMVLSHARAGVQAVHYPLGWECLRDAIKEVLGPDATETLLQAWKEAYDFLAHLLSTKEAQVYAVLAELE
> Y32G/F46S/L56S/V97G/P49P/R51C/I53L,0.625,MAPTLSEQTRQLVRASVPALQKHSVAISATMGRLLFERYPETRSLSELPECQLHKSASALLAYARSIDNPSALQAAIRRMVLSHARAGVQAVHYPLGWECLRDAIKEVLGPDATETLLQAWKEAYDFLAHLLSTKEAQVYAVLAELE
> Y32G/F46S/L56S/V97G/P49P/R51C/I53R,0.223,MAPTLSEQTRQLVRASVPALQKHSVAISATMGRLLFERYPETRSLSELPECQRHKSASALLAYARSIDNPSALQAAIRRMVLSHARAGVQAVHYPLGWECLRDAIKEVLGPDATETLLQAWKEAYDFLAHLLSTKEAQVYAVLAELE
> Y32G/F46S/L56S/V97G/P49P/R51C/I53T,0.337,MAPTLSEQTRQLVRASVPALQKHSVAISATMGRLLFERYPETRSLSELPECQTHKSASALLAYARSIDNPSALQAAIRRMVLSHARAGVQAVHYPLGWECLRDAIKEVLGPDATETLLQAWKEAYDFLAHLLSTKEAQVYAVLAELE
> Y32G/F46S/L56S/V97G/P49P/R51D/I53R,0.314,MAPTLSEQTRQLVRASVPALQKHSVAISATMGRLLFERYPETRSLSELPEDQRHKSASALLAYARSIDNPSALQAAIRRMVLSHARAGVQAVHYPLGWECLRDAIKEVLGPDATETLLQAWKEAYDFLAHLLSTKEAQVYAVLAELE
> Y32G/F46S/L56S/V97G/P49P/R51F/I53A,0.7759999999999999,MAPTLSEQTRQLVRASVPALQKHSVAISATMGRLLFERYPETRSLSELPEFQAHKSASALLAYARSIDNPSALQAAIRRMVLSHARAGVQAVHYPLGWECLRDAIKEVLGPDATETLLQAWKEAYDFLAHLLSTKEAQVYAVLAELE
> Y32G/F46S/L56S/V97G/P49P/R51F/I53F,0.809,MAPTLSEQTRQLVRASVPALQKHSVAISATMGRLLFERYPETRSLSELPEFQFHKSASALLAYARSIDNPSALQAAIRRMVLSHARAGVQAVHYPLGWECLRDAIKEVLGPDATETLLQAWKEAYDFLAHLLSTKEAQVYAVLAELE
> Y32G/F46S/L56S/V97G/P49P/R51F/I53L,0.789,MAPTLSEQTRQLVRASVPALQKHSVAISATMGRLLFERYPETRSLSELPEFQLHKSASALLAYARSIDNPSALQAAIRRMVLSHARAGVQAVHYPLGWECLRDAIKEVLGPDATETLLQAWKEAYDFLAHLLSTKEAQVYAVLAELE
> Y32G/F46S/L56S/V97G/P49P/R51F/I53R,0.364,MAPTLSEQTRQLVRASVPALQKHSVAISATMGRLLFERYPETRSLSELPEFQRHKSASALLAYARSIDNPSALQAAIRRMVLSHARAGVQAVHYPLGWECLRDAIKEVLGPDATETLLQAWKEAYDFLAHLLSTKEAQVYAVLAELE
> Y32G/F46S/L56S/V97G/P49P/R51F/I53T,0.639,MAPTLSEQTRQLVRASVPALQKHSVAISATMGRLLFERYPETRSLSELPEFQTHKSASALLAYARSIDNPSALQAAIRRMVLSHARAGVQAVHYPLGWECLRDAIKEVLGPDATETLLQAWKEAYDFLAHLLSTKEAQVYAVLAELE
> Y32G/F46S/L56S/V97G/P49P/R51G/I53A,0.447,MAPTLSEQTRQLVRASVPALQKHSVAISATMGRLLFERYPETRSLSELPEGQAHKSASALLAYARSIDNPSALQAAIRRMVLSHARAGVQAVHYPLGWECLRDAIKEVLGPDATETLLQAWKEAYDFLAHLLSTKEAQVYAVLAELE
> Y32G/F46S/L56S/V97G/P49P/R51G/I53F,0.841,MAPTLSEQTRQLVRASVPALQKHSVAISATMGRLLFERYPETRSLSELPEGQFHKSASALLAYARSIDNPSALQAAIRRMVLSHARAGVQAVHYPLGWECLRDAIKEVLGPDATETLLQAWKEAYDFLAHLLSTKEAQVYAVLAELE
> Y32G/F46S/L56S/V97G/P49P/R51G/I53L,0.8220000000000001,MAPTLSEQTRQLVRASVPALQKHSVAISATMGRLLFERYPETRSLSELPEGQLHKSASALLAYARSIDNPSALQAAIRRMVLSHARAGVQAVHYPLGWECLRDAIKEVLGPDATETLLQAWKEAYDFLAHLLSTKEAQVYAVLAELE
> Y32G/F46S/L56S/V97G/P49P/R51H/I53L,0.622,MAPTLSEQTRQLVRASVPALQKHSVAISATMGRLLFERYPETRSLSELPEHQLHKSASALLAYARSIDNPSALQAAIRRMVLSHARAGVQAVHYPLGWECLRDAIKEVLGPDATETLLQAWKEAYDFLAHLLSTKEAQVYAVLAELE
> Y32G/F46S/L56S/V97G/P49P/R51L/I53T,0.58,MAPTLSEQTRQLVRASVPALQKHSVAISATMGRLLFERYPETRSLSELPELQTHKSASALLAYARSIDNPSALQAAIRRMVLSHARAGVQAVHYPLGWECLRDAIKEVLGPDATETLLQAWKEAYDFLAHLLSTKEAQVYAVLAELE
> Y32G/F46S/L56S/V97G/P49P/R51N/I53A,0.604,MAPTLSEQTRQLVRASVPALQKHSVAISATMGRLLFERYPETRSLSELPENQAHKSASALLAYARSIDNPSALQAAIRRMVLSHARAGVQAVHYPLGWECLRDAIKEVLGPDATETLLQAWKEAYDFLAHLLSTKEAQVYAVLAELE
> Y32G/F46S/L56S/V97G/P49P/R51N/I53F,0.736,MAPTLSEQTRQLVRASVPALQKHSVAISATMGRLLFERYPETRSLSELPENQFHKSASALLAYARSIDNPSALQAAIRRMVLSHARAGVQAVHYPLGWECLRDAIKEVLGPDATETLLQAWKEAYDFLAHLLSTKEAQVYAVLAELE
> Y32G/F46S/L56S/V97G/P49P/R51N/I53R,0.282,MAPTLSEQTRQLVRASVPALQKHSVAISATMGRLLFERYPETRSLSELPENQRHKSASALLAYARSIDNPSALQAAIRRMVLSHARAGVQAVHYPLGWECLRDAIKEVLGPDATETLLQAWKEAYDFLAHLLSTKEAQVYAVLAELE
> Y32G/F46S/L56S/V97G/P49P/R51N/I53T,0.627,MAPTLSEQTRQLVRASVPALQKHSVAISATMGRLLFERYPETRSLSELPENQTHKSASALLAYARSIDNPSALQAAIRRMVLSHARAGVQAVHYPLGWECLRDAIKEVLGPDATETLLQAWKEAYDFLAHLLSTKEAQVYAVLAELE
> Y32G/F46S/L56S/V97G/P49P/R51S/I53L,0.746,MAPTLSEQTRQLVRASVPALQKHSVAISATMGRLLFERYPETRSLSELPESQLHKSASALLAYARSIDNPSALQAAIRRMVLSHARAGVQAVHYPLGWECLRDAIKEVLGPDATETLLQAWKEAYDFLAHLLSTKEAQVYAVLAELE
> Y32G/F46S/L56S/V97G/P49P/R51S/I53R,0.32299999999999995,MAPTLSEQTRQLVRASVPALQKHSVAISATMGRLLFERYPETRSLSELPESQRHKSASALLAYARSIDNPSALQAAIRRMVLSHARAGVQAVHYPLGWECLRDAIKEVLGPDATETLLQAWKEAYDFLAHLLSTKEAQVYAVLAELE
> Y32G/F46S/L56S/V97G/P49P/R51S/I53T,0.5479999999999999,MAPTLSEQTRQLVRASVPALQKHSVAISATMGRLLFERYPETRSLSELPESQTHKSASALLAYARSIDNPSALQAAIRRMVLSHARAGVQAVHYPLGWECLRDAIKEVLGPDATETLLQAWKEAYDFLAHLLSTKEAQVYAVLAELE
> Y32G/F46S/L56S/V97G/P49P/R51V/I53R,0.433,MAPTLSEQTRQLVRASVPALQKHSVAISATMGRLLFERYPETRSLSELPEVQRHKSASALLAYARSIDNPSALQAAIRRMVLSHARAGVQAVHYPLGWECLRDAIKEVLGPDATETLLQAWKEAYDFLAHLLSTKEAQVYAVLAELE
> Y32G/F46S/L56S/V97G/P49P/R51V/I53T,0.57,MAPTLSEQTRQLVRASVPALQKHSVAISATMGRLLFERYPETRSLSELPEVQTHKSASALLAYARSIDNPSALQAAIRRMVLSHARAGVQAVHYPLGWECLRDAIKEVLGPDATETLLQAWKEAYDFLAHLLSTKEAQVYAVLAELE
> Y32G/F46S/L56S/V97G/P49R/R51C/I53L,0.294,MAPTLSEQTRQLVRASVPALQKHSVAISATMGRLLFERYPETRSLSELRECQLHKSASALLAYARSIDNPSALQAAIRRMVLSHARAGVQAVHYPLGWECLRDAIKEVLGPDATETLLQAWKEAYDFLAHLLSTKEAQVYAVLAELE
> Y32G/F46S/L56S/V97G/P49R/R51D/I53H,0.054000000000000006,MAPTLSEQTRQLVRASVPALQKHSVAISATMGRLLFERYPETRSLSELREDQHHKSASALLAYARSIDNPSALQAAIRRMVLSHARAGVQAVHYPLGWECLRDAIKEVLGPDATETLLQAWKEAYDFLAHLLSTKEAQVYAVLAELE
> Y32G/F46S/L56S/V97G/P49R/R51F/I53V,0.094,MAPTLSEQTRQLVRASVPALQKHSVAISATMGRLLFERYPETRSLSELREFQVHKSASALLAYARSIDNPSALQAAIRRMVLSHARAGVQAVHYPLGWECLRDAIKEVLGPDATETLLQAWKEAYDFLAHLLSTKEAQVYAVLAELE
> Y32G/F46S/L56S/V97G/P49R/R51H/I53G,0.188,MAPTLSEQTRQLVRASVPALQKHSVAISATMGRLLFERYPETRSLSELREHQGHKSASALLAYARSIDNPSALQAAIRRMVLSHARAGVQAVHYPLGWECLRDAIKEVLGPDATETLLQAWKEAYDFLAHLLSTKEAQVYAVLAELE
> Y32G/F46S/L56S/V97G/P49R/R51L/I53C,0.16699999999999998,MAPTLSEQTRQLVRASVPALQKHSVAISATMGRLLFERYPETRSLSELRELQCHKSASALLAYARSIDNPSALQAAIRRMVLSHARAGVQAVHYPLGWECLRDAIKEVLGPDATETLLQAWKEAYDFLAHLLSTKEAQVYAVLAELE
> Y32G/F46S/L56S/V97G/P49R/R51N/I53D,0.22399999999999998,MAPTLSEQTRQLVRASVPALQKHSVAISATMGRLLFERYPETRSLSELRENQDHKSASALLAYARSIDNPSALQAAIRRMVLSHARAGVQAVHYPLGWECLRDAIKEVLGPDATETLLQAWKEAYDFLAHLLSTKEAQVYAVLAELE
> Y32G/F46S/L56S/V97G/P49R/R51S/I53C,0.264,MAPTLSEQTRQLVRASVPALQKHSVAISATMGRLLFERYPETRSLSELRESQCHKSASALLAYARSIDNPSALQAAIRRMVLSHARAGVQAVHYPLGWECLRDAIKEVLGPDATETLLQAWKEAYDFLAHLLSTKEAQVYAVLAELE
> Y32G/F46S/L56S/V97G/P49R/R51S/I53R,0.171,MAPTLSEQTRQLVRASVPALQKHSVAISATMGRLLFERYPETRSLSELRESQRHKSASALLAYARSIDNPSALQAAIRRMVLSHARAGVQAVHYPLGWECLRDAIKEVLGPDATETLLQAWKEAYDFLAHLLSTKEAQVYAVLAELE
> Y32G/F46S/L56S/V97G/P49R/R51Y/I53N,0.273,MAPTLSEQTRQLVRASVPALQKHSVAISATMGRLLFERYPETRSLSELREYQNHKSASALLAYARSIDNPSALQAAIRRMVLSHARAGVQAVHYPLGWECLRDAIKEVLGPDATETLLQAWKEAYDFLAHLLSTKEAQVYAVLAELE
> Y32G/F46S/L56S/V97G/P49S/R51C/I53G,0.23600000000000002,MAPTLSEQTRQLVRASVPALQKHSVAISATMGRLLFERYPETRSLSELSECQGHKSASALLAYARSIDNPSALQAAIRRMVLSHARAGVQAVHYPLGWECLRDAIKEVLGPDATETLLQAWKEAYDFLAHLLSTKEAQVYAVLAELE
> Y32G/F46S/L56S/V97G/P49S/R51F/I53F,0.371,MAPTLSEQTRQLVRASVPALQKHSVAISATMGRLLFERYPETRSLSELSEFQFHKSASALLAYARSIDNPSALQAAIRRMVLSHARAGVQAVHYPLGWECLRDAIKEVLGPDATETLLQAWKEAYDFLAHLLSTKEAQVYAVLAELE
> Y32G/F46S/L56S/V97G/P49S/R51I/I53V,-0.359,MAPTLSEQTRQLVRASVPALQKHSVAISATMGRLLFERYPETRSLSELSEIQVHKSASALLAYARSIDNPSALQAAIRRMVLSHARAGVQAVHYPLGWECLRDAIKEVLGPDATETLLQAWKEAYDFLAHLLSTKEAQVYAVLAELE
> Y32G/F46S/L56S/V97G/P49S/R51N/I53H,0.045,MAPTLSEQTRQLVRASVPALQKHSVAISATMGRLLFERYPETRSLSELSENQHHKSASALLAYARSIDNPSALQAAIRRMVLSHARAGVQAVHYPLGWECLRDAIKEVLGPDATETLLQAWKEAYDFLAHLLSTKEAQVYAVLAELE
> Y32G/F46S/L56S/V97G/P49S/R51V/I53G,0.335,MAPTLSEQTRQLVRASVPALQKHSVAISATMGRLLFERYPETRSLSELSEVQGHKSASALLAYARSIDNPSALQAAIRRMVLSHARAGVQAVHYPLGWECLRDAIKEVLGPDATETLLQAWKEAYDFLAHLLSTKEAQVYAVLAELE
> Y32G/F46S/L56S/V97G/P49S/R51V/I53Y,-0.33799999999999997,MAPTLSEQTRQLVRASVPALQKHSVAISATMGRLLFERYPETRSLSELSEVQYHKSASALLAYARSIDNPSALQAAIRRMVLSHARAGVQAVHYPLGWECLRDAIKEVLGPDATETLLQAWKEAYDFLAHLLSTKEAQVYAVLAELE
> Y32G/F46S/L56S/V97G/P49V/R51D/I53D,0.19899999999999998,MAPTLSEQTRQLVRASVPALQKHSVAISATMGRLLFERYPETRSLSELVEDQDHKSASALLAYARSIDNPSALQAAIRRMVLSHARAGVQAVHYPLGWECLRDAIKEVLGPDATETLLQAWKEAYDFLAHLLSTKEAQVYAVLAELE
> Y32G/F46S/L56S/V97G/P49V/R51G/I53V,0.062,MAPTLSEQTRQLVRASVPALQKHSVAISATMGRLLFERYPETRSLSELVEGQVHKSASALLAYARSIDNPSALQAAIRRMVLSHARAGVQAVHYPLGWECLRDAIKEVLGPDATETLLQAWKEAYDFLAHLLSTKEAQVYAVLAELE
> Y32G/F46S/L56S/V97G/P49V/R51N/I53N,0.18,MAPTLSEQTRQLVRASVPALQKHSVAISATMGRLLFERYPETRSLSELVENQNHKSASALLAYARSIDNPSALQAAIRRMVLSHARAGVQAVHYPLGWECLRDAIKEVLGPDATETLLQAWKEAYDFLAHLLSTKEAQVYAVLAELE
> Y32G/F46S/L56S/V97G/P49Y/R51C/I53C,0.12300000000000001,MAPTLSEQTRQLVRASVPALQKHSVAISATMGRLLFERYPETRSLSELYECQCHKSASALLAYARSIDNPSALQAAIRRMVLSHARAGVQAVHYPLGWECLRDAIKEVLGPDATETLLQAWKEAYDFLAHLLSTKEAQVYAVLAELE
> Y32G/F46S/L56S/V97G/P49Y/R51C/I53G,0.11800000000000001,MAPTLSEQTRQLVRASVPALQKHSVAISATMGRLLFERYPETRSLSELYECQGHKSASALLAYARSIDNPSALQAAIRRMVLSHARAGVQAVHYPLGWECLRDAIKEVLGPDATETLLQAWKEAYDFLAHLLSTKEAQVYAVLAELE
> Y32G/F46S/L56S/V97G/P49Y/R51C/I53Y,0.163,MAPTLSEQTRQLVRASVPALQKHSVAISATMGRLLFERYPETRSLSELYECQYHKSASALLAYARSIDNPSALQAAIRRMVLSHARAGVQAVHYPLGWECLRDAIKEVLGPDATETLLQAWKEAYDFLAHLLSTKEAQVYAVLAELE
> Y32G/F46S/L56S/V97G/P49Y/R51D/I53H,0.12,MAPTLSEQTRQLVRASVPALQKHSVAISATMGRLLFERYPETRSLSELYEDQHHKSASALLAYARSIDNPSALQAAIRRMVLSHARAGVQAVHYPLGWECLRDAIKEVLGPDATETLLQAWKEAYDFLAHLLSTKEAQVYAVLAELE
> Y32G/F46S/L56S/V97G/P49Y/R51F/I53F,0.568,MAPTLSEQTRQLVRASVPALQKHSVAISATMGRLLFERYPETRSLSELYEFQFHKSASALLAYARSIDNPSALQAAIRRMVLSHARAGVQAVHYPLGWECLRDAIKEVLGPDATETLLQAWKEAYDFLAHLLSTKEAQVYAVLAELE
> Y32G/F46S/L56S/V97G/P49Y/R51F/I53G,0.335,MAPTLSEQTRQLVRASVPALQKHSVAISATMGRLLFERYPETRSLSELYEFQGHKSASALLAYARSIDNPSALQAAIRRMVLSHARAGVQAVHYPLGWECLRDAIKEVLGPDATETLLQAWKEAYDFLAHLLSTKEAQVYAVLAELE
> Y32G/F46S/L56S/V97G/P49Y/R51G/I53V,-0.003,MAPTLSEQTRQLVRASVPALQKHSVAISATMGRLLFERYPETRSLSELYEGQVHKSASALLAYARSIDNPSALQAAIRRMVLSHARAGVQAVHYPLGWECLRDAIKEVLGPDATETLLQAWKEAYDFLAHLLSTKEAQVYAVLAELE
> Y32G/F46S/L56S/V97G/P49Y/R51H/I53H,0.15,MAPTLSEQTRQLVRASVPALQKHSVAISATMGRLLFERYPETRSLSELYEHQHHKSASALLAYARSIDNPSALQAAIRRMVLSHARAGVQAVHYPLGWECLRDAIKEVLGPDATETLLQAWKEAYDFLAHLLSTKEAQVYAVLAELE
> Y32G/F46S/L56S/V97G/P49Y/R51I/I53G,0.33399999999999996,MAPTLSEQTRQLVRASVPALQKHSVAISATMGRLLFERYPETRSLSELYEIQGHKSASALLAYARSIDNPSALQAAIRRMVLSHARAGVQAVHYPLGWECLRDAIKEVLGPDATETLLQAWKEAYDFLAHLLSTKEAQVYAVLAELE
> Y32G/F46S/L56S/V97G/P49Y/R51L/I53C,0.184,MAPTLSEQTRQLVRASVPALQKHSVAISATMGRLLFERYPETRSLSELYELQCHKSASALLAYARSIDNPSALQAAIRRMVLSHARAGVQAVHYPLGWECLRDAIKEVLGPDATETLLQAWKEAYDFLAHLLSTKEAQVYAVLAELE
> Y32G/F46S/L56S/V97G/P49Y/R51N/I53N,0.147,MAPTLSEQTRQLVRASVPALQKHSVAISATMGRLLFERYPETRSLSELYENQNHKSASALLAYARSIDNPSALQAAIRRMVLSHARAGVQAVHYPLGWECLRDAIKEVLGPDATETLLQAWKEAYDFLAHLLSTKEAQVYAVLAELE
> Y32G/F46S/L56S/V97G/P49Y/R51N/I53Y,0.136,MAPTLSEQTRQLVRASVPALQKHSVAISATMGRLLFERYPETRSLSELYENQYHKSASALLAYARSIDNPSALQAAIRRMVLSHARAGVQAVHYPLGWECLRDAIKEVLGPDATETLLQAWKEAYDFLAHLLSTKEAQVYAVLAELE
> Y32G/F46S/L56S/V97G/P49Y/R51S/I53C,0.17800000000000002,MAPTLSEQTRQLVRASVPALQKHSVAISATMGRLLFERYPETRSLSELYESQCHKSASALLAYARSIDNPSALQAAIRRMVLSHARAGVQAVHYPLGWECLRDAIKEVLGPDATETLLQAWKEAYDFLAHLLSTKEAQVYAVLAELE
> Y32G/F46S/L56S/V97G/P49Y/R51S/I53N,0.105,MAPTLSEQTRQLVRASVPALQKHSVAISATMGRLLFERYPETRSLSELYESQNHKSASALLAYARSIDNPSALQAAIRRMVLSHARAGVQAVHYPLGWECLRDAIKEVLGPDATETLLQAWKEAYDFLAHLLSTKEAQVYAVLAELE
> Y32G/F46S/L56S/V97G/P49Y/R51Y/I53G,0.267,MAPTLSEQTRQLVRASVPALQKHSVAISATMGRLLFERYPETRSLSELYEYQGHKSASALLAYARSIDNPSALQAAIRRMVLSHARAGVQAVHYPLGWECLRDAIKEVLGPDATETLLQAWKEAYDFLAHLLSTKEAQVYAVLAELE
